STATION,STATION_ID,BEGIN_DATE,END_DATE,STATE,LATITUDE,LONGITUDE,ELEVATION_(M),SNOWFALL_(IN)
"ABERDEEN 20 NNE, WA US",USC00450013,1926-12-31,2004-06-29,Washington,47.2613,-123.7147,132.6,0.1
"ACADEMY 2 NE, SD US",USC00390043,1898-06-30,2019-12-15,South Dakota,43.4891,-99.063,512.1,4
"ACADIA NATIONAL PARK, ME US",USC00170100,1982-08-31,2014-05-30,Maine,44.3738,-68.2591,143.3,6
"ADEL, OR US",USC00350036,1956-03-05,2019-05-29,Oregon,42.1761,-119.8961,1396.9,3
"ADRIAN 2 NNE, MI US",USC00200032,1887-07-02,2019-12-13,Michigan,41.9163,-84.0158,231.6,3.8
"AFTON, WI US",USC00470045,1987-07-31,2019-12-15,Wisconsin,42.6475,-89.0644,226.2,11.2
"AFTON, WY US",USC00480027,1957-04-30,2019-12-15,Wyoming,42.73303,-110.92168,1904.4,4
"AGASSIZ REFUGE, MN US",USC00210050,1957-03-31,2017-07-10,Minnesota,48.3005,-95.9816,348.1,0.4
"AGATE 3 E, NE US",USC00250030,1900-03-31,2019-12-14,Nebraska,42.4244,-103.7347,1423.4,5.1
"AINSWORTH, NE US",USC00250050,1905-10-31,2019-12-14,Nebraska,42.5522,-99.8555,765,4
"ALBERS 1 W, IL US",USC00110050,1977-08-31,2016-08-09,Illinois,38.5411,-89.6289,131.1,0.5
"ALBERT LEA 3 SE, MN US",USC00210075,1892-12-31,2019-12-15,Minnesota,43.6064,-93.3019,374.9,8
"ALBERTA FORD FOR CENTER, MI US",USC00200089,1957-10-01,2019-12-03,Michigan,46.6448,-88.4812,399.3,0.5
"ALBIA 3 NNE, IA US",USC00130112,1894-02-28,2019-12-15,Iowa,41.0655,-92.7866,268.2,2.4
"ALBION, ME US",USC00170177,1990-07-31,2013-12-30,Maine,44.517,-69.434,104.5,11.7
"ALBION, MI US",USC00200094,1888-01-31,2019-12-15,Michigan,42.2486,-84.7736,286.5,7
"ALBION, NE US",USC00250070,1892-12-31,2019-12-09,Nebraska,41.6854,-98.0083,547.1,5
"ALBION, NY US",USC00300055,1938-09-30,2019-12-14,New York,43.26338,-78.21527,143.9,13
"ALDER 17 S, MT US",USC00240110,1956-09-30,2008-01-20,Montana,45.0708,-112.0575,1783.1,1.7
"ALEXANDRIA 3, NH US",USC00270040,1991-05-31,1993-11-29,New Hampshire,43.6,-71.76667,292.6,8.5
"ALEXANDRIA, SD US",USC00390128,1892-12-31,2019-12-14,South Dakota,43.65133,-97.79811,416.1,3
"ALFRED, NY US",USC00300085,1892-12-31,2019-12-15,New York,42.27984,-77.76564,586.4,8.8
"ALGONA, IA US",USC00130133,1892-12-31,2019-12-15,Iowa,43.06626,-94.22216,370,16
"ALLAGASH, ME US",USC00170200,1986-04-30,2012-03-30,Maine,47.0886,-69.025,181.7,6
"ALLEGAN 5 NE, MI US",USC00200128,1919-12-31,2007-05-30,Michigan,42.5799,-85.7893,228.6,16.7
"ALLEGANY STATE PARK, NY US",USC00300093,1924-08-31,2019-12-15,New York,42.1003,-78.7497,457.2,5
"ALLEN, NE US",USC00250125,1992-03-31,1995-10-30,Nebraska,42.41667,-96.85,454.2,8
"ALLENSPARK 2 SE, CO US",USC00050183,1944-10-31,1993-12-30,Colorado,40.188,-105.5019,2512.5,0.8
"ALLIANCE 1 WNW, NE US",USC00250130,1894-10-31,2017-07-30,Nebraska,42.1103,-102.8967,1217.4,2
"ALLISON, IA US",USC00130157,1914-01-31,2019-12-13,Iowa,42.7536,-92.8022,316.4,9
"ALMA DAM 4, WI US",USC00470124,1936-10-31,2019-12-15,Minnesota,44.3271,-91.9194,204.2,4.5
"ALMA, MI US",USC00200146,1887-05-31,2019-12-12,Michigan,43.3869,-84.6482,222.2,7.1
"ALMONT, ND US",USC00320127,1984-11-30,2010-11-29,North Dakota,46.7252,-101.505,583.7,8.4
"ALSEA FH FALL CREEK, OR US",USC00350145,1954-10-13,2019-09-29,Oregon,44.4044,-123.7533,70.1,0.8
"ALTA 1 NNW, WY US",USC00480140,1909-07-17,2019-12-14,Wyoming,43.7727,-111.0338,1962.9,4
"ALTAMONT, UT US",USC00420074,1953-05-31,2019-12-14,Utah,40.36696,-110.29858,1967.8,3
"ALTON, IA US",USC00130181,1905-04-30,2009-12-30,Iowa,42.998,-96.0175,413,4.5
"ALTON, UT US",USC00420086,1915-04-30,2019-09-29,Utah,37.4402,-112.4819,2163.5,11.2
"ALVA, WY US",USC00480206,1987-01-31,1996-10-08,Wyoming,44.7,-104.43333,1219.2,1
"AMBOY, MN US",USC00210157,1905-02-28,2019-01-21,Minnesota,43.8835,-94.1665,313.9,5
"AMBROSE 3 N, ND US",USC00320189,1950-05-24,2019-12-07,North Dakota,48.9975,-103.4877,617.8,1
"AMELIA COURTHOUSE 1, VA US",USC00440187,1969-12-31,2019-12-09,Virginia,37.3451,-77.9781,105.2,2
"AMERY, WI US",USC00470175,1921-12-31,2019-09-29,Wisconsin,45.301,-92.363,326.1,2.5
"AMES 5 SE, IA US",USC00130203,1978-04-30,2019-12-15,Iowa,41.9519,-93.5655,265.2,4.5
"AMES 8 WSW, IA US",USC00130200,1964-10-31,2019-12-01,Iowa,42.0208,-93.7741,335,4.2
"AMHERST, MA US",USC00190120,1892-12-31,2019-12-15,Massachusetts,42.3861,-72.5374,44.2,5.1
"AMIDON, ND US",USC00320209,1920-10-31,2012-03-18,North Dakota,46.4819,-103.3222,887,5.5
"ANACONDA, MT US",USC00240199,1894-05-31,2019-01-30,Montana,46.1308,-112.9333,1594.1,3.7
"ANDERSON SEWAGE PLANT, IN US",USC00120177,1895-05-06,2019-09-29,Indiana,40.1117,-85.7163,256.3,1
"ANDOVER 2 NE, OH US",USC00330165,1981-09-30,1997-08-24,Ohio,41.62111,-80.55556,320,11
"ANDREWS WESTON MINE, OR US",USC00350189,1969-08-14,1993-03-30,Oregon,42.55,-118.55,1456.6,1
"ANGELICA, NY US",USC00300183,1892-12-31,2019-12-15,New York,42.3108,-78.023,449.6,2.7
"ANGLE, UT US",USC00420168,1981-06-30,2019-09-29,Utah,38.2486,-111.9608,1953.8,4
"ANGOLA, IN US",USC00120200,1892-12-31,2019-12-15,Indiana,41.6639,-85.0183,310.9,7.7
"ANKENY, IA US",USC00130241,1950-04-30,2019-12-15,Iowa,41.73229,-93.64999,297.2,4
"ANN ARBOR U OF MICH, MI US",USC00200230,1891-09-30,2019-12-14,Michigan,42.29806,-83.66388,247.8,5.5
"ANNAPOLIS POLICE BAR, MD US",USC00180193,1951-03-31,2005-12-30,Maryland,38.99361,-76.5075,7.6,2
"ANSELMO 2 SE, NE US",USC00250245,1948-05-31,2019-10-30,Nebraska,41.5975,-99.8258,794,1
"ANSONIA 1 NE, CT US",USC00060128,1966-03-31,2018-09-29,Connecticut,41.3491,-73.0918,41.5,5
"ANTELOPE 6 SSW, OR US",USC00350197,1924-08-31,2019-12-15,Oregon,44.8197,-120.7533,923.5,3
"ANTELOPE RANGE STATION, SD US",USC00390223,1951-02-28,2008-01-30,South Dakota,45.53167,-103.32917,859.5,3
"ANTELOPE VALLEY FARR, NV US",USC00260282,1984-08-31,1998-04-29,Nevada,39.96417,-117.43417,1493.5,0.3
"ANTERO RESERVOIR, CO US",USC00050263,1961-05-31,2019-12-15,Colorado,38.99305,-105.89145,2724.6,6
"APPLETON, WA US",USC00450217,1959-06-11,2006-10-30,Washington,45.8091,-121.2812,712,3
"APPLETON, WI US",USC00470265,1892-12-31,2019-12-15,Wisconsin,44.27703,-88.43772,241.4,5.3
"ARBORETUM UNIVERSITY WIS, WI US",USC00470273,1971-09-30,2019-12-09,Wisconsin,43.0411,-89.4286,263.7,11
"ARDMORE 2 N, SD US",USC00390236,1908-10-31,2013-09-29,South Dakota,43.03,-103.66,1079,3
"ARKVILLE 2 W, NY US",USC00300254,1948-04-30,2017-04-29,New York,42.1394,-74.6536,399.3,5
"ARLINGTON 1 W, SD US",USC00390281,1928-09-30,2012-08-30,South Dakota,44.363,-97.1702,556,3
"ARLINGTON UNIVERSITY FARM, WI US",USC00470308,1962-05-31,2019-12-15,Wisconsin,43.3008,-89.3269,329.2,11
"ARLINGTON, WA US",USC00450257,1922-11-30,2019-12-07,Washington,48.2005,-122.128,30.5,0.5
"ARMOUR, SD US",USC00390296,1896-03-31,2008-05-30,South Dakota,43.313,-98.3486,460.2,5.5
"ARNOLD 4 WNW, NE US",USC00250355,1943-06-30,2019-10-30,Nebraska,41.43216,-100.27193,876.9,3
"ARTHUR 4 NW, NV US",USC00260438,1910-08-31,2019-11-29,Nevada,40.7808,-115.1853,1905,2
"ARTHUR, NE US",USC00250365,1929-04-30,2019-12-15,Nebraska,41.5697,-101.6917,1115.6,2
"ARTICHOKE LAKE 1 E, MN US",USC00210287,1917-03-31,2019-12-14,Minnesota,45.38564,-96.12578,334.7,2
"ASHBURNHAM, MA US",USC00190190,1906-05-31,2019-12-15,Massachusetts,42.6178,-71.9159,337.7,9.6
"ASHFIELD, MA US",USC00190213,1978-03-31,2011-01-30,Massachusetts,42.5134,-72.8507,408.4,8.2
"ASHLAND 2 SW, OH US",USC00330256,1935-12-31,2010-12-30,Ohio,40.83333,-82.35,385.6,6.3
"ASHLAND 2, NE US",USC00250375,1892-12-31,2018-07-22,Nebraska,41.0407,-96.3811,340.8,1
"ASHLAND EXPERIMENTAL FARM, WI US",USC00470349,1893-02-28,2019-12-12,Wisconsin,46.583,-90.9678,198.1,2
"ASHLAND, VA US",USC00440327,1892-12-31,2019-12-14,Virginia,37.75,-77.4833,67.1,2
"ASHLEY, ND US",USC00320382,1892-12-31,2019-12-15,North Dakota,46.0405,-99.3741,613.9,1.5
"ASHTABULA, OH US",USC00330264,1951-05-31,1998-02-27,Ohio,41.85,-80.8,210.3,3
"ASHTON 1 N, ID US",USC00100470,1897-01-31,2019-12-09,Idaho,44.0707,-111.4565,1588.6,10.5
"ASHWOOD, OR US",USC00350312,1945-09-30,2014-12-30,Oregon,44.726,-120.753,783.3,7
"ASPEN 1 SW, CO US",USC00050372,1980-06-30,2019-09-29,Colorado,39.1852,-106.838,2491.7,16.5
"ATKINSON 3 SW, NE US",USC00250420,1906-05-31,2019-12-15,Nebraska,42.5136,-99.0302,648.6,4.4
"ATLANTA 5 WNW, MI US",USC00200343,1927-03-16,2004-11-07,Michigan,45.02833,-84.23306,359.7,4
"ATTICA 2 E, IN US",USC00120331,1991-05-31,2011-04-29,Indiana,40.2838,-87.1963,221.6,1.7
"AUBURN 5 ESE, NE US",USC00250435,1892-12-31,2019-12-15,Nebraska,40.3705,-95.7469,283.5,0.5
"AUBURN, NY US",USC00300321,1897-08-21,2019-12-15,New York,42.9327,-76.5447,234.7,9
"AUDUBON, IA US",USC00130385,1892-12-31,2019-12-15,Iowa,41.7069,-94.9222,390.1,3
"AURORA RESEARCH FARM, NY US",USC00300331,1956-10-31,2019-12-15,New York,42.7338,-76.6591,253,4
"AURORA, NE US",USC00250445,1894-10-31,2008-05-30,Nebraska,40.8586,-97.9958,544.1,2
"AUSTIN 1 W, MT US",USC00240375,1950-04-11,2018-02-27,Montana,46.6456,-112.2656,1478.6,2
"AUSTIN NUMBER 2, NV US",USC00260507,1887-10-01,2019-12-08,Nevada,39.493,-117.0675,2066.5,1.8
"AUSTIN WASTE WATER TREATMENT FACILITY, MN US",USC00210355,1937-03-31,2019-12-13,Minnesota,43.6542,-92.9739,365.5,6
"AVON, IL US",USC00110356,1950-10-31,2019-12-15,Illinois,40.6632,-90.4447,195.1,6.6
"AVON, NY US",USC00300343,1895-08-31,2019-12-15,New York,42.9203,-77.7557,166.1,8.5
"BAD AXE, MI US",USC00200417,1925-05-31,2019-12-15,Michigan,43.808,-82.9938,217.9,5.8
"BAILEY, CO US",USC00050454,1901-03-31,2019-12-15,Colorado,39.4052,-105.4765,2362.8,0.2
"BAKER, MT US",USC00240412,1922-09-27,2013-06-29,Montana,46.3662,-104.2821,894,3
"BAKERSVILLE, CT US",USC00060227,1948-06-01,2019-12-15,Connecticut,41.8418,-73.0085,209.1,5.9
"BALDWIN, MI US",USC00200446,1896-07-31,2016-10-26,Michigan,43.9005,-85.8505,254.5,12.5
"BALDWIN, WI US",USC00470486,1948-05-31,2019-12-15,Wisconsin,44.9633,-92.3905,335.3,2
"BALDWINSVILLE, NY US",USC00300379,1892-12-31,2019-10-06,New York,43.15,-76.3333,115.5,25
"BARABOO, WI US",USC00470516,1892-12-31,2019-12-15,Wisconsin,43.4583,-89.7269,250.9,12
"BARING, WA US",USC00450456,1970-02-18,2019-12-10,Washington,47.7722,-121.4819,234.7,1
"BARKHAMSTED, CT US",USC00060299,1932-08-31,2019-12-02,Connecticut,41.9211,-72.9637,216.4,4
"BARNARD, ME US",USC00170398,1990-04-30,2010-05-30,Maine,45.2884,-69.1466,166.1,8
"BARNES STATION, OR US",USC00350501,1961-12-18,2019-08-30,Oregon,43.9456,-120.2169,1210.1,2
"BARNESVILLE, OH US",USC00330430,1939-07-31,2007-12-30,Ohio,39.9916,-81.185,390.1,3
"BARRE FALLS DAM, MA US",USC00190408,1959-01-31,2019-12-12,Massachusetts,42.428,-72.0275,251.5,6
"BARTHOLOMEW POWERHOU, UT US",USC00420449,1956-08-31,1994-09-29,Utah,40.16667,-111.5,1566.4,8.6
"BARTLETT 1 W, NE US",USC00250525,1948-07-31,2019-12-14,Nebraska,41.8857,-98.5631,662.9,2
"BARTOW 1 S, WV US",USC00460509,1943-12-31,2019-12-15,West Virginia,38.5312,-79.7714,922,7.3
"BASIN, WY US",USC00480540,1897-12-31,2019-12-15,Wyoming,44.37985,-108.03495,1170.4,1
"BATAVIA, NY US",USC00300443,1911-06-09,2019-12-15,New York,43.02966,-78.16822,278.3,9.5
"BATES CREEK NUMBER 2, WY US",USC00480552,1969-04-30,2019-09-29,Wyoming,42.62336,-106.35659,1841.6,9
"BATH, ME US",USC00170409,1992-11-30,2019-12-15,Maine,43.9316,-69.8564,7.6,11
"BATH, NY US",USC00300448,1953-07-31,2014-09-29,New York,42.3488,-77.3477,341.4,2.5
"BATTENVILLE, NY US",USC00300452,1952-12-14,1999-03-30,New York,43.10139,-73.43194,115.8,9
"BATTLE CREEK 5 NW, MI US",USC00200552,1948-04-30,2019-12-14,Michigan,42.3667,-85.2667,283.5,7.7
"BATTLE GROUND, WA US",USC00450482,1928-05-26,2019-11-29,Washington,45.7716,-122.5286,86.6,1.5
"BAYARD, WV US",USC00460527,1902-04-30,2019-12-15,Maryland,39.2728,-79.3684,735.2,15
"BAYFIELD 6 N, WI US",USC00470603,1892-12-31,2005-04-29,Wisconsin,46.88333,-90.81667,249.9,2.3
"BAYVIEW MODEL BASIN, ID US",USC00100667,1947-03-31,2019-12-15,Idaho,47.9804,-116.5594,636.1,6
"BEAR LAKE STATE PARK, UT US",USC00420487,1989-03-31,2019-09-29,Utah,41.96393,-111.39844,1806.9,2
"BEAVER CANYON POWER HOUSE, UT US",USC00420527,1939-08-03,2019-09-29,Utah,38.26823,-112.48177,2217.4,7.2
"BEAVER DAM, WI US",USC00470645,1892-12-31,2019-12-15,Wisconsin,43.4447,-88.8477,256,10
"BEAVER FALLS, NY US",USC00300500,1934-03-31,2019-09-29,New York,43.887,-75.4349,225.6,10
"BEAVERTON 1 ESE, MI US",USC00200632,1978-04-30,1999-11-29,Michigan,43.8797,-84.4741,208.2,9.5
"BECHTELSVILLE 1 ENE, PA US",USC00360488,1958-03-04,2012-03-30,Pennsylvania,40.3783,-75.615,140.2,5
"BEDFORD 3 SE, WY US",USC00480603,1975-05-31,2019-12-15,Wyoming,42.8731,-110.9069,1934,3
"BEDFORD, MA US",USC00190535,1957-04-30,2009-04-29,Massachusetts,42.48333,-71.28333,48.8,8.8
"BEECHER CITY, IL US",USC00110500,1974-08-31,2019-12-15,Illinois,39.18122,-88.78266,185.3,2
"BEEMER, NE US",USC00250680,1948-05-31,2001-09-22,Nebraska,41.9325,-96.81083,414.5,9
"BELCHERTOWN, MA US",USC00190562,1941-12-31,2019-12-15,Massachusetts,42.2796,-72.3482,167.6,5
"BELHAVEN 3 NE, NC US",USC00310674,1908-09-04,2012-07-23,North Carolina,35.573,-76.5848,0,0.5
"BELKNAP SPRINGS 8 N, OR US",USC00350652,1960-09-15,2019-09-29,Oregon,44.2867,-122.0388,655.9,2
"BELLE PLAINE, IA US",USC00130600,1892-12-31,2019-12-15,Iowa,41.8814,-92.2764,246.9,6.5
"BELLEVUE L AND D 12, IA US",USC00130608,1940-12-31,2019-12-15,Illinois,42.2611,-90.4231,183.8,4.7
"BELLINGHAM 3 SSW, WA US",USC00450587,1985-07-31,2019-09-29,Washington,48.7177,-122.5113,4.6,0.5
"BELLOWS FALLS, VT US",USC00430499,1902-10-31,1997-01-30,Vermont,43.13333,-72.45,82.3,9.5
"BELOIT, WI US",USC00470696,1892-12-31,2019-12-15,Wisconsin,42.5038,-89.0311,237.7,10.1
"BELTSVILLE, MD US",USC00180700,1941-04-30,2019-12-09,Maryland,39.0302,-76.9315,44.2,2
"BEMIDJI, MN US",USC00210643,1896-01-31,2019-11-30,Minnesota,47.5353,-94.8268,414.5,1.1
"BEND, OR US",USC00350694,1901-03-31,2019-12-12,Oregon,44.0569,-121.285,1115.6,3
"BENKELMAN, NE US",USC00250760,1894-10-31,2019-08-30,Nebraska,40.04997,-101.53258,909.5,0.1
"BENNET, NE US",USC00250770,1942-01-31,2000-09-29,Nebraska,40.67944,-96.50639,390.1,1
"BENNETTS BRIDGE, NY US",USC00300608,1941-04-30,2019-12-15,New York,43.5318,-75.9526,201.2,17.5
"BENSON POLICE BARRAC, MD US",USC00180732,1948-07-31,1995-02-27,Maryland,39.5,-76.38333,111.3,9.5
"BENSON, MN US",USC00210667,1952-08-31,2019-12-11,Minnesota,45.3167,-95.6166,313.9,3.4
"BENTLEY, IL US",USC00110598,1948-05-31,2019-12-15,Illinois,40.3444,-91.1124,198.1,0.5
"BENTON 5 SW, NH US",USC00270681,1964-12-31,2012-09-29,New Hampshire,44.0341,-71.9486,365.8,3
"BENTON HARBOR AIRPORT, MI US",USC00200710,1892-12-31,2019-09-29,Michigan,42.1245,-86.4266,190.5,24
"BERGLAND DAM, MI US",USC00200718,1888-11-18,2019-12-11,Michigan,46.5869,-89.5475,396.2,8.6
"BERLIN 5 S, NY US",USC00300641,1903-03-31,2000-09-29,New York,42.61667,-73.36667,347.5,6
"BERLIN, NH US",USC00270690,1886-05-31,2019-12-15,New Hampshire,44.4535,-71.18552,280.4,9
"BERN, ID US",USC00100803,1992-02-29,2019-12-15,Idaho,42.3352,-111.385,1817.8,10
"BERNE 5 SW, NY US",USC00300658,1983-11-30,1998-07-30,New York,42.58333,-74.18333,563.9,10
"BERNE WWTP, IN US",USC00120676,1909-12-31,2019-12-10,Indiana,40.6683,-84.93,255.7,0.6
"BETHEL 4 N, VT US",USC00430661,1958-04-30,2015-01-31,Vermont,43.8833,-72.6344,201.2,6.5
"BETHLEHEM 2, NH US",USC00270706,1992-07-31,2013-08-14,New Hampshire,44.3063,-71.6575,359.7,9
"BEULAH 1 W, ND US",USC00320766,1916-04-30,2007-04-29,North Dakota,47.2622,-101.7906,544.1,4
"BICKLETON, WA US",USC00450668,1927-05-31,2018-06-29,Washington,45.9981,-120.3006,919,4
"BIDDLE 8 SW, MT US",USC00240743,1963-10-08,2019-12-14,Montana,45.0429,-105.4799,1106.7,1
"BIG FALLS HYDRO, WI US",USC00470773,1956-01-31,2019-12-09,Wisconsin,45.5556,-90.9592,367.3,1
"BIG MEADOWS, VA US",USC00440720,1934-12-31,2012-07-29,Virginia,38.5216,-78.4355,1079,4
"BIG MOOSE 3 SE, NY US",USC00300668,1931-02-28,2019-12-10,New York,43.8,-74.8667,536.4,16.5
"BIG PINEY, WY US",USC00480695,1948-07-31,2014-11-04,Wyoming,42.5414,-110.1252,2083.3,4
"BIG RAPIDS WATERWORK, MI US",USC00200779,1896-03-31,2019-12-15,Michigan,43.7072,-85.4822,283.5,11.2
"BIG SKY 2 WNW, MT US",USC00240775,1984-02-29,2019-12-13,Montana,45.2774,-111.3252,2008.6,1
"BIGFORK 13 S, MT US",USC00240755,1938-10-31,2019-09-29,Montana,47.8751,-114.0331,887,2
"BIGLERVILLE, PA US",USC00360656,1972-01-31,2019-12-15,Pennsylvania,39.93468,-77.25459,219.5,5.5
"BILLY CREEK, WY US",USC00480740,1962-03-13,2013-05-30,Wyoming,44.1241,-106.7319,1516.4,2.5
"BIRCH HILL DAM, MA US",USC00190666,1948-05-31,2019-12-15,Massachusetts,42.6324,-72.1227,260.6,6.2
"BISON, SD US",USC00390701,1916-04-30,2019-12-07,South Dakota,45.5286,-102.465,847.3,2
"BLACK MOUNTAIN, WY US",USC00480778,1963-10-15,2019-10-30,Wyoming,43.6561,-107.7375,1717.5,3
"BLACKDUCK, MN US",USC00210809,1989-10-31,2019-09-29,Minnesota,47.6713,-94.5175,408.4,0.5
"BLACKSBURG NATIONAL WEATHER SERVICE OFFICE, VA US",USC00440766,1952-10-31,2019-12-15,Virginia,37.2039,-80.4144,641,1
"BLAIR, NE US",USC00250930,1893-03-31,2001-12-30,Nebraska,41.55361,-96.14056,332.2,2.3
"BLAIR, WI US",USC00470882,1925-01-31,2009-07-30,Wisconsin,44.2905,-91.23,260.6,5.7
"BLANCHARD, ME US",USC00170655,1978-04-30,2008-02-28,Maine,45.267,-69.5838,182.9,7
"BLANCHARDVILLE NUMBER 2, WI US",USC00470892,1953-12-31,2012-09-29,Wisconsin,42.8122,-89.8622,253.9,10
"BLANDING, UT US",USC00420738,1904-11-25,2019-12-14,Utah,37.613,-109.4847,1838.6,1
"BLOCKTON 1 W, IA US",USC00130745,1892-12-31,2017-07-18,Iowa,40.6188,-94.505,362.7,1
"BLOOMER, WI US",USC00470904,1944-08-27,2019-12-15,Wisconsin,45.0907,-91.4864,301.8,4.5
"BLOOMFIELD 9 NNE, MT US",USC00240929,1991-09-30,1999-09-29,Montana,47.52861,-104.87333,865.9,4.5
"BLOOMFIELD, NE US",USC00250945,1905-11-30,2019-12-15,Nebraska,42.5938,-97.6436,530.4,8
"BLOOMINGDALE, MI US",USC00200864,1904-04-05,2019-12-15,Michigan,42.3838,-85.9626,224.3,11.5
"BLOOMINGTON INDIANA UNIVERSITY, IN US",USC00120784,1895-11-14,2019-12-14,Indiana,39.1742,-86.5214,253,1.3
"BLOWHARD MOUNTAIN RADAR, UT US",USC00420757,1964-07-31,2006-03-30,Utah,37.5927,-112.8638,3259.5,15
"BLUE HILL COOP, MA US",USC00190736,1892-12-31,2019-12-15,Massachusetts,42.2123,-71.1137,190.5,4.9
"BLUE LICK SPRINGS, KY US",USC00150804,1978-04-30,2010-09-29,Kentucky,38.4233,-83.9983,185.9,0.7
"BLUE MESA LAKE, CO US",USC00050797,1967-10-31,2019-09-29,Colorado,38.4666,-107.1677,2306.7,15
"BLUE MOUNDS 6 SSE, WI US",USC00470929,1962-06-06,2002-12-30,Wisconsin,42.95111,-89.79028,320,11
"BLUESTONE LAKE, WV US",USC00460939,1943-02-28,2019-12-15,West Virginia,37.64128,-80.88331,423.7,1
"BLUFFTON 6 N, IN US",USC00120830,1971-05-31,2019-09-29,Indiana,40.8143,-85.1546,262.4,4
"BLUNT, SD US",USC00390760,1912-12-31,2011-05-30,South Dakota,44.5128,-99.9881,494.1,3
"BOARDMAN, OR US",USC00350858,1971-08-11,2019-08-30,Oregon,45.8472,-119.6933,85.3,3
"BOCA, CA US",USC00040931,1906-03-02,2019-12-15,California,39.3886,-120.0936,1699.3,14
"BODIE CALIFORNIA STATE HISTORIC PARK, CA US",USC00040943,1895-01-31,2019-12-01,California,38.2119,-119.0142,2551.2,5
"BOLIVAR, NY US",USC00300766,1896-03-31,1999-09-29,New York,42.1225,-78.20639,545.6,7.1
"BONDURANT, WY US",USC00480865,1948-07-31,2019-12-13,Wyoming,43.2095,-110.40323,2040,8
"BONESTEEL, SD US",USC00390778,1956-04-30,2004-06-29,South Dakota,43.07778,-98.95083,605,8
"BONNERS FERRY, ID US",USC00101079,1907-04-30,2019-12-15,Idaho,48.6928,-116.3104,632.5,6.5
"BONNEVILLE DAM, OR US",USC00350897,1937-11-08,2019-12-15,Oregon,45.6354,-121.9523,18.9,4
"BOONE, IA US",USC00130807,1904-12-31,2019-12-15,Iowa,42.0416,-93.8905,315.5,4.1
"BOONTON 1 SE, NJ US",USC00280907,1892-12-31,2019-12-15,New Jersey,40.89174,-74.39635,85.3,4
"BOONVILLE 4 SSW, NY US",USC00300785,1949-09-30,2019-12-15,New York,43.4361,-75.3697,472.4,21.8
"BORDEN BROOK RSVR, MA US",USC00190759,1969-04-30,1995-05-30,Massachusetts,42.13333,-72.93333,338.3,7
"BORDER 3 N, WY US",USC00480915,1901-12-31,1993-09-29,Wyoming,42.21278,-111.04556,1849.8,2
"BOSWELL 4 WNW, IN US",USC00120858,1989-03-31,2010-08-30,Indiana,40.535,-87.4531,235.3,3
"BOTTINEAU, ND US",USC00320941,1892-12-31,2019-12-15,North Dakota,48.8216,-100.4527,493.5,0.5
"BOULDER REARING STATION, WY US",USC00480951,1989-08-31,2019-12-14,Wyoming,42.71554,-109.68956,2115.3,1
"BOULDER, UT US",USC00420849,1954-06-10,2019-09-29,Utah,37.905,-111.42,2026.9,4
"BOUND BROOK 2 W, NJ US",USC00280927,1956-12-07,2019-09-29,New Jersey,40.55602,-74.57178,16.8,3.8
"BOUNDARY DAM, WA US",USC00450844,1965-06-30,2019-12-15,Washington,48.9946,-117.3544,559.9,3
"BOURBONNAIS 3 NW, IL US",USC00110803,1991-07-31,2019-12-15,Illinois,41.1758,-87.9353,198.1,2.4
"BOWLING GREEN WWTP, OH US",USC00330862,1893-05-31,2019-12-14,Ohio,41.3831,-83.6111,205.7,3.5
"BOWMAN, ND US",USC00320995,1915-01-01,2019-12-15,North Dakota,46.19361,-103.37138,909.2,5
"BOYNE FALLS, MI US",USC00200925,1961-05-18,2019-12-14,Michigan,45.1672,-84.9138,221.9,5
"BOYS TOWN, NE US",USC00251052,1964-05-31,2001-06-29,Nebraska,41.26222,-96.14194,378,2
"BOYSEN DAM, WY US",USC00481000,1948-07-31,2019-12-15,Wyoming,43.40536,-108.16338,1485.9,1
"BOZEMAN 12 NE, MT US",USC00241050,1950-06-07,1995-12-30,Montana,45.81667,-110.88333,1813.6,1.2
"BOZEMAN MONTANA STATE UNIVERSITY, MT US",USC00241044,1892-04-07,2019-12-14,Montana,45.6621,-111.0463,1497.5,0.3
"BRADFORD 3 SSE, IL US",USC00110868,1980-07-31,2013-02-22,Illinois,41.146,-89.629,237.7,2.5
"BRADFORD 4 SW RES 5, PA US",USC00360868,1934-11-22,2019-12-15,Pennsylvania,41.89801,-78.71431,506,6.8
"BRADFORD CENTRAL FIR, PA US",USC00360867,1909-12-31,2008-05-30,New York,41.95,-78.65,457.2,9
"BRADFORD, NH US",USC00270910,1938-08-31,1998-04-29,New Hampshire,43.25861,-71.98,286.5,9.5
"BRADSHAW, NE US",USC00251065,1898-03-31,2019-12-15,Nebraska,40.8836,-97.7491,524.3,3
"BRADY 27 ENE THE KNEES, MT US",USC00241081,1986-04-30,2019-12-15,Montana,48.075,-111.2603,1013.5,2
"BRAINERD, MN US",USC00210939,1908-01-15,2019-12-15,Minnesota,46.3433,-94.2086,359.7,0.9
"BRANCHLAND 1 N, WV US",USC00461075,1939-12-31,2012-02-28,West Virginia,38.2348,-82.2033,182.9,2.3
"BRANDENBERG, MT US",USC00241084,1956-04-30,2019-12-14,Montana,45.8162,-106.2329,844.3,1.3
"BRASSUA DAM, ME US",USC00170814,1929-01-31,2019-12-15,Maine,45.6602,-69.8119,325.8,6.7
"BREAKWATER, WI US",USC00471039,1922-08-31,1996-07-23,Wisconsin,45.86667,-88.23333,362.7,0.4
"BRECKENRIDGE, CO US",USC00050909,1892-12-31,2019-09-29,Colorado,39.48637,-106.04314,2925.5,7.8
"BREDETTE, MT US",USC00241088,1950-03-31,2019-09-29,Montana,48.5155,-105.2991,705,3.5
"BREIEN, ND US",USC00321052,1948-08-31,2004-10-30,North Dakota,46.37972,-100.94083,524.3,4
"BREWERTON LOCK 23, NY US",USC00300870,1931-12-31,2019-12-15,New York,43.2386,-76.1964,114.9,10.2
"BREWSTER, NE US",USC00251130,1912-09-20,2001-09-29,Nebraska,41.9375,-99.86278,760.5,1
"BRIAN HEAD, UT US",USC00420900,1991-01-31,2009-11-29,Utah,37.6933,-112.8469,2977.9,22
"BRICELYN, MN US",USC00210981,1940-05-14,2019-12-15,Minnesota,43.544,-93.8423,356.6,8
"BRIDGEHAMPTON, NY US",USC00300889,1930-07-31,2019-12-14,New York,40.952,-72.298,12.8,2
"BRIDGEVILLE 4 NNW, CA US",USC00041080,1954-05-31,2001-01-30,California,40.51944,-123.82167,640.1,8
"BRIDGEWATER, ME US",USC00170833,1957-10-31,2019-12-14,Maine,46.4282,-67.8442,128,7.5
"BRIDGEWATER, SD US",USC00391032,1948-03-01,2019-12-15,South Dakota,43.55239,-97.50164,431.9,4
"BRIDGTON 3 NW, ME US",USC00170844,1955-07-31,2019-02-28,Maine,44.07,-70.7468,154.8,9.8
"BRIGHAM CITY WASTE PLANT, UT US",USC00420928,1974-05-31,2019-12-14,Utah,41.5239,-112.0436,1289.3,3
"BRIGHTON, IA US",USC00130910,1968-04-30,2019-09-29,Iowa,41.17146,-91.82555,225.9,3.8
"BRILLION, WI US",USC00471064,1924-08-31,2019-12-15,Wisconsin,44.1613,-88.0802,246.9,4
"BRIMSON 2 S, MN US",USC00210989,1948-07-31,2019-12-14,Minnesota,47.2472,-91.8624,452.9,1
"BRITT 3 E, IA US",USC00130923,1896-12-31,2019-10-30,Iowa,43.10554,-93.74444,371.9,13.1
"BRITTON, SD US",USC00391049,1892-12-31,2019-12-15,South Dakota,45.78861,-97.74881,413,2.5
"BROADALBIN, NY US",USC00300929,1939-07-31,2001-06-29,New York,43.05083,-74.19806,256,11.9
"BROADUS, MT US",USC00241127,1920-02-22,2019-12-14,Montana,45.4441,-105.4072,924.2,2
"BRODHEAD, WI US",USC00471078,1897-10-31,2019-12-15,Wisconsin,42.6333,-89.3866,240.8,9
"BROKEN BOW 2 W, NE US",USC00251200,1894-10-31,2019-10-30,Nebraska,41.4083,-99.675,763.2,1.5
"BROOKFIELD 2 SW, VT US",USC00430940,1989-08-31,2007-04-29,Vermont,44.0242,-72.6411,396.2,11
"BROOKINGS 2 NE, SD US",USC00391076,1892-12-31,2019-12-15,South Dakota,44.3252,-96.7686,497.4,1
"BROOKLYN, IA US",USC00130933,1976-08-31,2019-11-29,Iowa,41.7394,-92.44,270.1,6.5
"BROOKVILLE SWG PLANT, PA US",USC00361004,1963-11-30,1996-06-29,Pennsylvania,41.15,-79.08333,368.8,4.5
"BROWNING NUMBER 2, MT US",USC00241217,1990-02-28,1996-11-29,Montana,48.55,-113.01667,1334.7,4
"BROWNLEE, NE US",USC00251213,1962-05-31,1997-03-30,Nebraska,42.28722,-100.62917,859.5,2
"BROWNS VALLEY, MN US",USC00211063,1973-12-01,2019-12-15,Minnesota,45.59595,-96.82841,298.1,3
"BRUNING, NE US",USC00251240,1894-10-31,2019-01-30,Nebraska,40.3325,-97.5652,481.6,0.5
"BRUNO 7 ENE, MN US",USC00211074,1990-08-31,2019-12-15,Minnesota,46.3004,-92.5337,381.9,6.7
"BRUSETT 3 N, MT US",USC00241231,1910-07-12,2019-09-29,Montana,47.4647,-107.3114,906.5,4
"BRYANT 1 NE, SD US",USC00391102,1911-09-30,2016-10-30,South Dakota,44.5547,-97.4686,557.8,6
"BRYCE CANYON NATIONAL PARK HQRS, UT US",USC00421008,1959-05-31,2019-12-04,Utah,37.64051,-112.1701,2412.5,9
"BUCKATABON, WI US",USC00471155,1948-06-07,2011-05-30,Wisconsin,46.03,-89.30861,504.7,0.2
"BUCKEYE, IA US",USC00130999,1978-04-30,2009-12-30,Iowa,42.4172,-93.3775,350.5,8
"BUCKEYE, WV US",USC00461215,1952-12-09,2019-12-15,West Virginia,38.18731,-80.13359,647.1,4.4
"BUCKHANNON, WV US",USC00461220,1887-12-31,2019-12-15,West Virginia,38.9803,-80.2201,443.5,10.2
"BUCKINGHAM, VA US",USC00441136,1894-05-21,2019-12-15,Virginia,37.5083,-78.5333,176.8,4
"BUCKLEY 1 NE, WA US",USC00450945,1912-12-31,2012-04-14,Washington,47.1694,-122.0036,208.8,2
"BUCYRUS, OH US",USC00331072,1893-04-30,2019-12-15,Ohio,40.8126,-82.9698,291.1,0.8
"BUENA VISTA 2 S, CO US",USC00051071,1899-07-31,2019-12-15,Colorado,38.8246,-106.1276,2424.4,6
"BUFFALO GAP, SD US",USC00391124,1951-08-31,2006-02-27,South Dakota,43.4918,-103.313,971.7,1
"BUFFALO MILLS, PA US",USC00361087,1924-07-31,2012-03-30,Pennsylvania,39.9459,-78.6458,399.3,2
"BUFFALO, MN US",USC00211107,1940-05-07,2013-04-18,Minnesota,45.1969,-93.8399,302.4,3.1
"BUNCOM 1 NNE, OR US",USC00351149,1948-07-31,2017-10-30,Oregon,42.18,-122.9852,594.1,1
"BURGESS JUNCTION, WY US",USC00481220,1960-09-17,2019-12-15,Wyoming,44.7741,-107.5216,2456.7,1
"BURLINGTON, WI US",USC00471205,1948-08-22,2019-12-15,Wisconsin,42.6508,-88.2544,228.9,8.5
"BURNSVILLE LAKE, WV US",USC00461282,1949-03-31,2019-12-14,West Virginia,38.84575,-80.62006,249.6,1
"BURWELL, NE US",USC00251345,1948-06-01,2019-10-30,Nebraska,41.7769,-99.1433,663.2,4
"BUSBY, MT US",USC00241297,1907-04-30,2019-12-14,Montana,45.5397,-106.9597,1045.5,1.7
"BUSKALA RANCH, SD US",USC00391246,1909-07-31,1997-11-29,South Dakota,44.21667,-103.81667,1862.3,0.7
"BUTLER 2 SW, PA US",USC00361139,1967-09-30,2019-12-14,Pennsylvania,40.8415,-79.9163,304.8,4.1
"BUTTE, NE US",USC00251365,1906-04-30,2019-12-15,Nebraska,42.913,-98.8511,550.5,5
"CABIN CREEK, CO US",USC00051186,1967-12-31,2019-12-15,Colorado,39.6552,-105.7088,3054.1,3
"CACAPON ST PARK NUMBER 2, WV US",USC00461324,1973-08-31,2019-12-14,West Virginia,39.50932,-78.29739,292,4
"CAIRO 4 NW, NY US",USC00301095,1978-06-30,2012-08-21,New York,42.31667,-74.03306,149.4,4.7
"CALAVERAS BIG TREES, CA US",USC00041277,1929-09-30,2019-09-29,California,38.2769,-120.3113,1431,11
"CALEDONIA, MN US",USC00211198,1893-01-31,2019-12-15,Minnesota,43.6309,-91.5027,355.4,8
"CALLICOON 2, NY US",USC00301103,1975-07-31,1994-02-27,New York,41.7794,-75.0444,396.2,3
"CAMBRIDGE CITY 3 N, IN US",USC00121229,1892-12-31,2001-08-30,Indiana,39.86667,-85.18333,304.8,0.8
"CAMBRIDGE, OH US",USC00331197,1948-07-31,2019-09-29,Ohio,40.0111,-81.5794,243.8,1.3
"CAMDEN ON GAULEY 2 SW, WV US",USC00461363,1915-01-06,2012-01-30,West Virginia,38.3567,-80.6294,676.7,6
"CAMDEN, NY US",USC00301110,1946-07-31,2019-09-29,New York,43.3305,-75.8416,176.8,19.3
"CAMP CROOK, SD US",USC00391294,1892-12-31,2019-12-11,South Dakota,45.5488,-103.9744,951,2
"CAMPBELL, MN US",USC00211245,1894-01-20,2006-01-30,Minnesota,46.09583,-96.40917,296.3,2.9
"CANAAN VALLEY, WV US",USC00461393,1944-06-30,1996-04-29,West Virginia,39.05,-79.41667,990.3,8
"CANAAN, VT US",USC00431213,1938-02-28,2011-09-29,Vermont,44.9965,-71.5356,326.1,12.7
"CANBY, MN US",USC00211263,1916-02-23,2019-12-15,Minnesota,44.7184,-96.2696,368.8,3
"CANDOR 2 SE, NY US",USC00301168,1944-10-31,2019-09-29,New York,42.1944,-76.3127,280.4,2.8
"CANISTEAR RESERVOIR, NJ US",USC00281327,1948-07-31,2019-09-29,New Jersey,41.1093,-74.48276,370,3.5
"CANISTEO 1 SW, NY US",USC00301173,1949-05-31,2008-08-30,New York,42.26083,-77.61611,352,7.5
"CANOE BROOK, NJ US",USC00281335,1930-12-31,2019-10-30,New Jersey,40.7436,-74.3539,54.9,3
"CANTON, PA US",USC00361212,1976-08-31,2019-12-15,Pennsylvania,41.6516,-76.8463,347.5,1.5
"CANTON, SD US",USC00391392,1896-03-31,2019-12-14,South Dakota,43.3112,-96.5877,401.1,6
"CAPE MAY 2 NW, NJ US",USC00281351,1893-12-31,2019-12-14,New Jersey,38.95341,-74.93611,6.1,0.3
"CARLYLE 13 NW, MT US",USC00241518,1962-04-14,2019-09-29,Montana,46.7446,-104.309,957.1,4
"CARMEL, NY US",USC00301207,1887-12-31,1995-10-30,New York,41.43333,-73.68333,161.5,1.3
"CARROLL, IA US",USC00131233,1892-12-31,2019-12-15,Iowa,42.065,-94.85,378,6.5
"CARSON FISH HATCHERY, WA US",USC00451160,1977-08-31,2019-09-29,Washington,45.8677,-121.9733,345.6,7
"CARSON, ND US",USC00321370,1912-01-31,2012-08-11,North Dakota,46.425,-101.57417,711.7,6
"CARTER 14 W, MT US",USC00241525,1982-10-31,2019-07-30,Montana,47.7921,-111.2204,1051.6,1
"CARTHAGE, IL US",USC00111316,1992-08-31,2012-10-30,Illinois,40.4089,-91.1278,201.2,1
"CASCADE 1 NW, ID US",USC00101514,1941-12-31,2017-06-24,Idaho,44.5228,-116.0481,1492.3,1
"CASCADE 5 S, MT US",USC00241552,1894-05-31,2018-04-29,Montana,47.2192,-111.7105,1024.1,0.5
"CASCADE, IA US",USC00131257,1947-06-30,2019-12-15,Iowa,42.2973,-91.0199,252.4,6.2
"CASCADIA, OR US",USC00351433,1908-04-30,2012-07-19,Oregon,44.3913,-122.4811,292.6,3
"CASHTON, WI US",USC00471280,1949-05-08,2012-10-30,Wisconsin,43.7446,-90.7783,417.6,12.5
"CASS CITY 1 SSW, MI US",USC00201361,1959-04-30,2019-12-15,Michigan,43.5861,-83.1805,212.8,7.3
"CASS LAKE, MN US",USC00211374,1906-03-31,2019-12-15,Minnesota,47.3847,-94.6147,395,0.7
"CASSELTON AGRONOMY FARM, ND US",USC00321408,1984-04-30,2019-12-14,North Dakota,46.8769,-97.2328,285,2
"CASTANA EXPERIMENTAL FARM, IA US",USC00131277,1948-06-30,2017-12-30,Iowa,42.0633,-95.8363,426.7,5.5
"CASTLEWOOD, SD US",USC00391519,1892-12-31,2011-10-30,South Dakota,44.727,-97.026,513.6,4
"CATOCTIN MOUNTAIN PARK, MD US",USC00181530,1967-12-31,2012-01-30,Maryland,39.6452,-77.483,490.7,6.5
"CAVE RUN LAKE, KY US",USC00152791,1904-11-09,2019-12-15,Kentucky,38.1227,-83.5327,256,0.2
"CAVENDISH, VT US",USC00431243,1903-02-16,2014-01-30,Vermont,43.3847,-72.5988,256.6,9.7
"CECILVILLE, CA US",USC00041606,1954-09-30,2003-03-30,California,41.14167,-123.13917,704.1,5.5
"CEDAR BUTTE, SD US",USC00391539,1918-05-31,2017-06-29,South Dakota,43.5771,-101.019,717.8,2
"CEDAR CITY 5 E, UT US",USC00421260,1983-02-28,2019-09-29,Utah,37.6563,-112.9919,1966,4
"CEDAR FALLS HYDRO PLANT, WI US",USC00471308,1948-05-31,2019-12-15,Wisconsin,44.9355,-91.8885,251.5,2.6
"CEDAR LAKE, WA US",USC00451233,1898-06-30,2019-12-12,Washington,47.4144,-121.7561,475.5,1.2
"CEDAR POINT, UT US",USC00421308,1956-12-31,2018-02-27,Utah,37.7158,-109.0827,2060.4,6
"CEDAR RAPIDS NUMBER 1, IA US",USC00131319,1891-12-31,2019-12-14,Iowa,42.0496,-91.5881,247.8,4.5
"CEDAR, MN US",USC00211390,1962-10-31,2005-11-29,Minnesota,45.32222,-93.28444,276.5,3.4
"CEDAREDGE, CO US",USC00051440,1897-12-31,1994-05-30,Colorado,38.9,-107.93333,1903.2,0.5
"CELINA 3 NE, OH US",USC00331390,1956-07-31,2019-09-29,Ohio,40.56899,-84.537,264,2.5
"CENTENNIAL 1 NE, WY US",USC00481610,1899-01-31,2007-08-30,Wyoming,41.3136,-106.1291,2490.2,1.5
"CENTER 4 SE, ND US",USC00321456,1938-03-31,2019-10-30,North Dakota,47.0644,-101.2119,606.6,2.8
"CENTERBURG 2 SE, OH US",USC00331404,1950-10-31,2019-12-14,Ohio,40.2913,-82.6546,367.3,1.2
"CENTERVILLE 6 SE, SD US",USC00391579,1897-03-31,2019-12-12,South Dakota,43.043,-96.9033,389.5,5
"CENTERVILLE ARBAUGH RANCH, ID US",USC00101636,1949-10-31,2019-07-07,Idaho,43.9592,-115.8453,1353.3,0.8
"CENTRAL CITY, NE US",USC00251560,1878-05-02,2017-04-27,Nebraska,41.1222,-98.0283,518.2,1.6
"CHAFFEE 5 NE, ND US",USC00321477,1962-11-30,2019-09-29,North Dakota,46.7958,-97.2686,290.5,2
"CHALK HILL 2 ENE, PA US",USC00361350,1977-06-30,2017-11-29,Pennsylvania,39.848,-79.5898,603.5,4.6
"CHALMERS 5 W, IN US",USC00121417,1991-11-30,2019-12-15,Indiana,40.6653,-86.955,219.5,1.2
"CHAMA, NM US",USC00291664,1892-12-31,2019-12-15,New Mexico,36.9177,-106.578,2392.7,8
"CHAMBERLAIN 5 S, SD US",USC00391621,1980-09-30,2019-12-12,South Dakota,43.73498,-99.31192,506,1.6
"CHAMBERS, NE US",USC00251590,1911-06-30,2016-10-30,Nebraska,42.203,-98.7466,648.9,7
"CHAMPAIGN 3 S, IL US",USC00118740,1902-07-31,2019-12-15,Illinois,40.084,-88.2404,219.8,0.1
"CHARDON, OH US",USC00331458,1945-05-31,2019-12-15,Ohio,41.58333,-81.18333,344.4,14.5
"CHARITON 1 E, IA US",USC00131394,1895-01-31,2019-12-15,Iowa,41.0163,-93.2791,294.1,1.5
"CHARLEROI LOCK 4, PA US",USC00361377,1930-12-31,2019-12-15,Pennsylvania,40.1468,-79.8986,228.3,0.8
"CHARLES CITY, IA US",USC00131402,1892-12-31,2019-12-15,Iowa,43.0604,-92.6717,302.7,9.7
"CHARLES TOWN 2 SE, WV US",USC00461588,1992-12-31,2001-09-29,West Virginia,39.29806,-77.83444,158.5,3.5
"CHARLESTON, IL US",USC00111436,1895-12-31,2019-12-14,Illinois,39.4762,-88.1652,213.4,1
"CHARLOTTE, MI US",USC00201476,1901-12-31,2019-12-12,Michigan,42.5503,-84.8258,274.9,7
"CHARLOTTEBURG RESERVOIR, NJ US",USC00281582,1893-03-31,2019-12-15,New Jersey,41.02996,-74.42477,237.1,4
"CHARLOTTESVILLE 2 W, VA US",USC00441593,1892-12-31,2019-12-15,Virginia,38.0329,-78.5226,264,3
"CHARMANY FARM, WI US",USC00471416,1959-07-31,2019-12-15,Wisconsin,43.0596,-89.4819,277.4,11.5
"CHASKA, MN US",USC00211465,1925-04-30,2001-12-20,Minnesota,44.8,-93.5833,219.5,3.2
"CHATHAM EXPERIMENT FARM 2, MI US",USC00201486,1987-07-31,2019-12-15,Michigan,46.3414,-86.9242,265.2,2
"CHATHAM, MA US",USC00191386,1972-07-31,2019-12-15,Massachusetts,41.657,-69.9592,12.2,1.8
"CHEAT BRIDGE, WV US",USC00461591,1912-06-30,1997-12-30,West Virginia,38.61056,-79.87722,1086.6,9.5
"CHEBOYGAN, MI US",USC00201492,1891-08-31,2019-12-15,Michigan,45.6527,-84.4725,179.2,7.5
"CHELAN, WA US",USC00451350,1890-07-23,2019-12-15,Washington,47.8344,-120.0005,363.9,2
"CHELSEA, MI US",USC00201502,1978-04-30,2019-12-15,Michigan,42.3263,-84.0133,274.3,3.6
"CHELSEA, VT US",USC00431360,1892-12-31,2000-01-30,Vermont,43.98333,-72.45,243.8,5.3
"CHEMUNG, NY US",USC00301413,1888-01-21,2016-12-12,New York,42.0025,-76.6384,250.5,1
"CHENOA, IL US",USC00111475,1948-05-31,2019-08-30,Illinois,40.74076,-88.71802,219.2,3
"CHEPACHET, NY US",USC00301424,1957-09-01,2001-07-30,New York,42.9096,-75.1109,402.3,7
"CHEROKEE, IA US",USC00131442,1921-11-12,2019-12-15,Iowa,42.7572,-95.5377,368.8,11.5
"CHERRY VALLEY 2 NNE, NY US",USC00301436,1944-10-31,2011-05-30,New York,42.8238,-74.7386,414.5,16
"CHERRY VALLEY DAM, CA US",USC00041697,1955-10-08,2019-09-29,California,37.9747,-119.9161,1452.4,10.5
"CHESTER, CA US",USC00041700,1909-09-30,2019-12-15,California,40.3033,-121.2422,1380.7,2
"CHESTER, SD US",USC00391634,1978-04-30,2000-12-30,South Dakota,43.89611,-96.92889,490.7,4.5
"CHESTERFIELD, MA US",USC00191436,1925-03-31,2003-07-30,Massachusetts,42.38333,-72.85,410,9.5
"CHESTERTOWN, MD US",USC00181750,1893-10-31,2011-05-30,Maryland,39.2166,-76.0519,12.2,2
"CHEVIOT, OH US",USC00331515,1965-03-31,2017-09-29,Ohio,39.1547,-84.6233,271.6,0.2
"CHEWELAH, WA US",USC00451395,1925-08-31,2019-09-29,Washington,48.2733,-117.7409,509,9
"CHICAGO BOTANIC GARDEN, IL US",USC00111497,1981-09-30,2019-06-04,Illinois,42.13987,-87.78537,192,9.5
"CHICAGO MIDWAY AIRPORT 3 SW, IL US",USC00111577,1928-02-28,2019-12-14,Illinois,41.7372,-87.7775,189,4.4
"CHIEF JOSEPH DAM, WA US",USC00451400,1949-09-30,2019-08-30,Washington,47.9967,-119.6482,254.2,2
"CHILLICOTHE MND CITY, OH US",USC00331528,1972-03-31,2010-06-29,Ohio,39.37444,-83.00361,198.1,0.9
"CHILLICOTHE, IL US",USC00111627,1940-12-31,2010-02-27,Illinois,40.9152,-89.5031,163.1,4
"CHILLY BARTON FLAT, ID US",USC00101671,1948-07-31,2019-12-14,Idaho,43.9772,-113.8288,1908,1.5
"CHILOQUIN 12 NW FORT KLAMATH, OR US",USC00351574,1980-07-31,2019-09-29,Oregon,42.7036,-121.9952,1274.1,4
"CHILTON, WI US",USC00471568,1893-12-31,2019-12-15,Wisconsin,44.03279,-88.14683,256,7
"CHINOOK, MT US",USC00241722,1895-10-31,2019-12-15,Montana,48.5884,-109.2266,737.6,4
"CHITTENDEN, VT US",USC00431433,1903-12-31,2019-09-29,Vermont,43.7063,-72.9618,354.5,5.3
"CHOTEAU, MT US",USC00241737,1892-12-31,2019-12-14,Montana,47.8205,-112.1921,1172,2
"CHUGWATER, WY US",USC00481730,1900-10-31,2019-08-15,Wyoming,41.7594,-104.8222,1616.7,1
"CINCINNATUS, NY US",USC00301492,1928-04-30,2010-12-30,New York,42.5433,-75.8947,320,6
"CIRCLE, MT US",USC00241758,1963-08-31,2019-12-14,Montana,47.4122,-105.59547,755.9,6
"CIRCLEVILLE, OH US",USC00331592,1894-11-14,2019-12-15,Ohio,39.6104,-82.9555,205.7,0.8
"CIRCLEVILLE, UT US",USC00421432,1941-09-30,2010-08-30,Utah,38.1706,-112.2786,1844,1
"CITY CREEK WATER PLANT, UT US",USC00421446,1955-04-03,2019-12-14,Utah,40.81496,-111.83209,1627.6,6
"CLARENCE, PA US",USC00361480,1950-07-31,2019-10-22,Pennsylvania,41.0489,-77.9411,423.7,4
"CLARINDA, IA US",USC00131533,1892-12-31,2019-12-15,Iowa,40.7244,-95.0191,298.7,1.9
"CLARION, IA US",USC00131541,1944-08-31,2019-12-09,Iowa,42.72,-93.7336,352.3,9
"CLARKSBURG 1, WV US",USC00461677,1922-11-16,2019-12-15,West Virginia,39.2682,-80.3522,301.8,3
"CLARKSON, NE US",USC00251660,1940-10-31,2004-04-29,Nebraska,41.72389,-97.12556,472.4,3
"CLARKSVILLE, MD US",USC00181862,1967-11-30,2004-08-30,Maryland,39.25528,-76.92861,112.8,5
"CLARYVILLE, NY US",USC00301521,1945-06-30,2016-07-30,New York,41.91355,-74.57232,503.8,5.3
"CLAY CENTER 6 ESE, NE US",USC00251680,1915-01-05,2019-12-15,Nebraska,40.5033,-97.9372,528.5,0.5
"CLAYTON LAKE, ME US",USC00171472,1948-05-31,2011-03-22,Maine,46.6109,-69.5231,304.8,9.1
"CLE ELUM, WA US",USC00451504,1898-12-31,2019-12-09,Washington,47.189,-120.913,579.1,2.5
"CLEAR LAKE, SD US",USC00391777,1903-05-31,2019-12-15,South Dakota,44.75879,-96.6915,560.8,3
"CLEARFIELD, PA US",USC00361519,1904-11-30,2001-08-30,Pennsylvania,41.01667,-78.45,347.5,3
"CLEARWATER, NE US",USC00251696,1992-11-30,2005-01-30,Nebraska,42.1844,-98.1911,547.1,7
"CLENDENIN, WV US",USC00461723,1951-08-31,2007-07-30,West Virginia,38.49333,-81.34833,213.4,0.9
"CLIMAX, CO US",USC00051660,1892-12-31,2019-12-14,Colorado,39.3671,-106.1898,3457.7,12.5
"CLINTON NUMBER 1, IA US",USC00131635,1892-12-31,2019-12-13,Iowa,41.7947,-90.2639,178.3,4.3
"CLINTON, WI US",USC00471667,1948-07-31,2019-12-15,Wisconsin,42.5491,-88.8752,292.6,5
"CLINTONVILLE, WI US",USC00471676,1948-07-31,2019-12-15,Wisconsin,44.6227,-88.7483,244.4,4.5
"CLOQUET, MN US",USC00211630,1900-01-15,2019-12-12,Minnesota,46.70539,-92.52391,385.6,4.8
"CLUTIER, IA US",USC00131704,1973-07-31,2019-12-15,Iowa,42.08,-92.405,266.7,6
"COATESVILLE 2 W, PA US",USC00361591,1983-02-28,2007-12-30,Pennsylvania,39.9847,-75.86,195.1,4.4
"COBLESKILL 2 ESE, NY US",USC00301595,1987-08-31,2019-12-15,New York,42.66717,-74.44239,356.3,5.5
"COCHETOPA CREEK, CO US",USC00051713,1909-05-31,2019-11-29,Colorado,38.4461,-106.7611,2439,10
"COCKAPONSET RANGER STATION, CT US",USC00061488,1948-06-07,2000-08-30,Connecticut,41.46139,-72.51972,48.8,2.5
"CODY 21 SW, WY US",USC00481855,1958-08-31,2009-01-30,Wyoming,44.3366,-109.3913,1780,0.1
"COLDEN 1 N, NY US",USC00301623,1957-07-31,2002-07-30,New York,42.66306,-78.68306,312.4,15.5
"COLDWATER ST SCHOOL, MI US",USC00201675,1897-03-29,2019-12-14,Michigan,41.9622,-84.9925,299.9,11.2
"COLEBROOK 3 SW, NH US",USC00271647,1960-06-30,2019-12-13,New Hampshire,44.86102,-71.53921,341.4,16
"COLFAX, WA US",USC00451586,1892-01-31,2013-07-11,Washington,46.88333,-117.35,603.5,0.2
"COLGATE, ND US",USC00321686,1913-12-31,2010-10-30,North Dakota,47.2428,-97.6561,359.7,3
"COLLBRAN, CO US",USC00051741,1892-12-31,1999-12-30,Colorado,39.2425,-107.96306,1822.7,1.5
"COLLEGE PARK, MD US",USC00181995,1893-12-31,1996-03-30,Maryland,38.98333,-76.95,27.4,3
"COLLEGEVILLE ST. JOHN S, MN US",USC00211691,1892-12-31,2019-12-14,Minnesota,45.5794,-94.392,368.8,2.1
"COLO, IA US",USC00131710,1964-09-30,2009-02-27,Iowa,42.0169,-93.3188,304.8,5
"COLONY, KS US",USC00141733,1978-02-28,2019-12-15,Kansas,38.0697,-95.3708,337.7,0.5
"COLONY, WY US",USC00481905,1914-12-31,2012-10-30,Wyoming,44.8711,-104.1533,1060.7,2
"COLORADO NATIONAL MONUMENT, CO US",USC00051772,1940-02-29,2019-12-15,Colorado,39.1013,-108.7338,1762,1
"COLRAIN, MA US",USC00191611,1975-04-17,1997-01-30,Massachusetts,42.66667,-72.7,190.5,7
"COLSTRIP, MT US",USC00241905,1927-02-28,2019-12-15,Montana,45.8944,-106.6336,980.8,4
"COLTON, SD US",USC00391851,1978-04-30,2019-11-01,South Dakota,43.78461,-96.92747,491.6,5
"COLUMBIA 8 N, SD US",USC00391873,1949-08-31,2018-03-30,South Dakota,45.72302,-98.30299,397.8,1.5
"COLUMBIA CITY, IN US",USC00121739,1948-06-30,2019-12-12,Indiana,41.1452,-85.4898,254.2,4
"COLUMBUS 3 NE, NE US",USC00251825,1893-06-30,2019-12-14,Nebraska,41.4638,-97.3277,442,2
"COLUMBUS JUNCT 2 SSW, IA US",USC00131731,1900-09-30,2008-09-29,Iowa,41.2864,-91.361,181.4,1.5
"COLUMBUS, IN US",USC00121747,1892-12-31,2019-12-15,Indiana,39.166,-85.9227,185.6,1.3
"COLUMBUS, ND US",USC00321699,1979-05-09,1998-08-30,North Dakota,48.91667,-102.83333,594.4,1.5
"COLVILLE BASIC, WA US",USC00451654,1988-08-31,1993-02-21,Washington,48.55,-117.9,505.1,5
"COMPTON 1 NW, IL US",USC00111835,1991-09-30,2004-03-30,Illinois,41.70611,-89.10028,275.8,4.4
"COMSTOCK, NE US",USC00251835,1941-04-30,2002-08-30,Nebraska,41.55694,-99.23722,687.3,1
"CONCEPTION, MO US",USC00231822,1892-12-31,2019-12-15,Missouri,40.2394,-94.6833,337.7,2
"CONCORD 4 SSW, VA US",USC00441955,1950-08-31,2019-12-15,Virginia,37.2819,-78.9591,248.4,3
"CONCRETE PPL FISH STATION, WA US",USC00451679,1905-11-30,2019-12-15,Washington,48.5397,-121.7422,59.4,0.5
"CONDE, SD US",USC00391917,1951-05-31,2008-01-30,South Dakota,45.1538,-98.1008,405.4,2.5
"CONDON, OR US",USC00351765,1894-07-22,2018-01-30,Oregon,45.2408,-120.179,878.1,3.5
"CONFLUENCE 1 SW DAM, PA US",USC00361705,1946-06-30,2019-12-15,Pennsylvania,39.7994,-79.3665,454.2,4
"CONGERVILLE 2 NW, IL US",USC00111836,1990-09-30,2019-12-02,Illinois,40.6211,-89.2415,195.1,3.2
"CONKLINGVILLE DAM, NY US",USC00301708,1948-04-30,2019-12-15,New York,43.3203,-73.9256,246.3,12
"CONNEAUTVILLE 4 ESE, PA US",USC00361719,1976-02-29,1995-08-30,Pennsylvania,41.73333,-80.28333,387.1,6.7
"CONRAD, MT US",USC00241974,1911-02-28,2019-09-29,Montana,48.1737,-111.9502,1082,2
"COOK 18 W, MN US",USC00211776,1959-09-15,1995-09-29,Minnesota,47.86667,-93.06667,400.8,1.5
"COOKE CITY 2 W, MT US",USC00241995,1967-10-31,2013-06-29,Montana,45.0108,-109.982,2280.8,2
"COOKSBURG 2 NW, PA US",USC00361750,1992-05-31,1993-12-30,Pennsylvania,41.35579,-79.21723,442,4
"COOPERDALE, OH US",USC00331858,1948-09-28,2011-12-30,Ohio,40.22111,-82.06667,237.7,2
"COOPERS ROCK STATE FOREST, WV US",USC00461900,1978-01-31,2012-02-28,West Virginia,39.67722,-79.77194,694.9,6.5
"COOPERSTOWN, ND US",USC00321766,1903-09-30,2012-08-30,North Dakota,47.405,-98.038,420.6,2
"COOPERSTOWN, NY US",USC00301752,1892-12-31,2019-12-14,New York,42.7166,-74.9266,383.1,10
"COPAKE, NY US",USC00301761,1988-02-29,2017-02-25,New York,42.1131,-73.5522,167.6,2.1
"COPCO NUMBER 1 DAM, CA US",USC00041990,1959-04-30,2019-12-15,California,41.9797,-122.3378,823.9,3.5
"COPPER HARBOR FORT WILKINS, MI US",USC00201780,1948-06-30,2019-11-19,Michigan,47.4679,-87.8671,190.5,5
"COPPER HILL, VA US",USC00441999,1940-03-31,2019-12-15,Virginia,37.08169,-80.13486,870.8,0.5
"CORA, WY US",USC00482054,1979-08-31,2013-08-23,Wyoming,42.9588,-109.9958,2239.4,3.2
"CORBIN, VA US",USC00442009,1958-12-31,2019-12-10,Virginia,38.2022,-77.3747,67.1,2
"CORINNA, ME US",USC00171628,1947-04-30,2019-12-15,Maine,44.9197,-69.2416,90.5,10.6
"CORNING, IA US",USC00131833,1892-12-31,2019-12-15,Iowa,40.98833,-94.75889,362.7,1.5
"CORNING, NY US",USC00301787,1909-11-30,2019-12-13,New York,42.1341,-77.0691,349.6,1.7
"CORRY, PA US",USC00361790,1892-12-31,1997-09-29,Pennsylvania,41.91667,-79.63333,438.9,5
"CORTLAND, NY US",USC00301799,1895-06-30,2000-12-30,New York,42.6,-76.18333,344.1,7
"CORVALLIS STATE UNIVERSITY, OR US",USC00351862,1892-12-31,2019-10-30,Oregon,44.6341,-123.19,68.6,6
"CORVALLIS WATER BUREAU, OR US",USC00351877,1936-07-08,2019-10-26,Oregon,44.5077,-123.4575,180.4,6.5
"COSHOCTON WPC PLANT, OH US",USC00331890,1908-02-14,2019-09-29,Ohio,40.2403,-81.871,231.6,1.5
"COTTAGE GROVE DAM, OR US",USC00351902,1943-07-25,2019-10-30,Oregon,43.7178,-123.0578,253.3,2.5
"COTTON, MN US",USC00211840,1962-09-01,2019-12-15,Minnesota,47.1687,-92.4629,403.3,0.3
"COTTONWOOD 2 E, SD US",USC00391972,1909-05-31,2019-12-15,South Dakota,43.9611,-101.8605,723.3,1.5
"COTTONWOOD FALLS, KS US",USC00141858,1902-11-30,2019-12-15,Kansas,38.3703,-96.5483,375.5,1
"COTTONWOOD WEIR, UT US",USC00421759,1917-04-30,2019-09-29,Utah,40.6189,-111.7836,1519.7,6
"COUDERSPORT 5 NW, PA US",USC00361815,1987-01-31,2000-08-30,Pennsylvania,41.85,-78.05,664.5,4
"COURTENAY 1 NW, ND US",USC00321816,1930-06-30,2019-10-30,North Dakota,47.24,-98.58472,464.5,1.5
"COVINGTON 2 WSW, PA US",USC00361833,1956-09-30,2019-12-15,Pennsylvania,41.7375,-77.1158,531.9,5
"CRAIG 4 SW, CO US",USC00051932,1977-04-30,2019-12-12,Colorado,40.45155,-107.5906,1980,2
"CRAIGSVILLE 2 S, VA US",USC00442064,1963-08-31,2013-07-24,Virginia,38.0517,-79.3858,535.8,4.5
"CRANFORD, NJ US",USC00282023,1968-12-31,2016-02-28,New Jersey,40.66661,-74.32349,24.4,3.5
"CRATER LAKE NPS HQ, OR US",USC00351946,1919-09-30,2019-12-14,Oregon,42.8966,-122.1327,1973.6,14
"CRATERS OF THE MOON, ID US",USC00102260,1958-11-30,2019-09-29,Idaho,43.46285,-113.56012,1802.6,8
"CRAWFORD, NE US",USC00251973,1984-10-31,2000-05-30,Nebraska,42.7,-103.41667,1118.6,4.8
"CRAWFORDSVILLE 6 SE, IN US",USC00121873,1982-07-31,2019-12-15,Indiana,40.0028,-86.8011,254.8,1.5
"CREEDE, CO US",USC00051944,1983-05-31,1993-12-30,Colorado,37.85,-106.91667,2698.1,3.1
"CRESCENT CITY 7 ENE, CA US",USC00042148,1951-12-03,2002-05-30,California,41.79417,-124.085,36.6,0.8
"CRESCENT LAKE NAT WLR, NE US",USC00252000,1934-12-31,2019-09-29,Nebraska,41.76093,-102.43776,1163.7,1.5
"CRESCO 1 NE, IA US",USC00131954,1893-02-28,2019-12-15,Iowa,43.3894,-92.0938,382.5,11.3
"CRESTED BUTTE, CO US",USC00051959,1909-05-31,2019-12-15,Colorado,38.8738,-106.9772,2702.7,20
"CRESTON 2 SW, IA US",USC00131962,1905-03-31,2019-12-12,Iowa,41.0372,-94.3936,395,2
"CRESTON, MT US",USC00242104,1949-02-14,2019-12-12,Montana,48.18819,-114.134,894.6,2
"CRESTONE 2 SE, CO US",USC00051964,1982-03-14,2019-12-14,Colorado,37.9806,-105.6897,2439.6,0.5
"CRETE 4 ESE, NE US",USC00252020,1893-06-30,2019-12-15,Nebraska,40.6092,-96.872,445,0.5
"CRIVITZ HIGH FALLS, WI US",USC00471897,1948-05-31,2019-12-15,Wisconsin,45.35807,-88.19222,289.6,1.4
"CROFTON, NE US",USC00252037,1988-07-31,2019-12-13,Nebraska,42.7363,-97.4969,426.7,8
"CROSBY, ND US",USC00321871,1907-04-02,2019-12-14,North Dakota,48.9144,-103.2977,597.1,1.2
"CROSS VILLAGE 1 E, MI US",USC00201896,1953-08-31,2019-10-30,Michigan,45.6413,-85.0141,219.8,1.6
"CROWN POINT 1 N, IN US",USC00121940,1991-12-31,2019-12-15,Indiana,41.4388,-87.3545,212.1,1.7
"CROZIER, VA US",USC00442142,1976-05-31,2019-12-10,Virginia,37.6664,-77.8769,106.7,2.1
"CRYSTAL LAKE 4 NW, IL US",USC00112048,1991-07-31,2019-12-02,Illinois,42.2611,-88.3952,286.5,5.4
"CUMBERLAND 2, MD US",USC00182282,1974-11-30,2019-12-15,Maryland,39.6419,-78.7561,222.5,3
"CUMBERLAND, WI US",USC00471923,1931-11-30,2019-12-15,Wisconsin,45.5331,-92.0226,378,4
"CUMMINGTON HILL, MA US",USC00191774,1963-05-14,1994-01-30,Massachusetts,42.46667,-72.93333,490.7,9
"CURRANT CREEK JCT, UT US",USC00421907,1985-06-30,1996-06-29,Utah,40.2,-110.9,2036.1,1.5
"CURTIS, NE US",USC00252100,1893-11-29,2019-09-29,Nebraska,40.6344,-100.5219,794.3,0.3
"CUTLER DAM, UT US",USC00421918,1980-03-31,2019-12-07,Utah,41.8328,-112.0558,1307.6,1
"DAGGET PASS, NV US",USC00262119,1988-11-30,2019-12-13,Nevada,38.9783,-119.8914,2235.4,11
"DAILEY 1 SE, WV US",USC00462151,1938-03-31,2008-03-30,West Virginia,38.7825,-79.8911,609.6,6
"DALE ENTERPRISE, VA US",USC00442208,1892-12-31,2019-12-15,Virginia,38.4547,-78.9352,413.9,3
"DALTON, NE US",USC00252145,1913-05-12,2018-04-25,Nebraska,41.4086,-102.9661,1303.9,1
"DALTON, WI US",USC00471970,1944-07-31,2007-10-30,Wisconsin,43.6561,-89.2027,262.1,10
"DANBURY, CT US",USC00061762,1937-09-30,2019-09-29,Connecticut,41.4,-73.4167,123.4,4.3
"DANBURY, WI US",USC00471978,1919-08-31,2011-03-29,Minnesota,46.0087,-92.3735,289.6,2.6
"DANFORTH, ME US",USC00171833,1978-08-31,2008-01-30,Maine,45.6611,-67.8613,144.8,11
"DANIEL FISH HATCHERY, WY US",USC00482242,1989-06-30,2019-12-15,Wyoming,42.92815,-110.12729,2237.5,4.5
"DANVILLE 2 W, OH US",USC00332044,1963-05-31,2019-09-29,Ohio,40.4397,-82.3039,295.7,2
"DANVILLE SEWAGE PLANT, IL US",USC00112145,1948-06-30,2019-12-09,Illinois,40.1019,-87.5961,163.4,0.8
"DANVILLE, IL US",USC00112140,1895-04-22,2019-12-14,Illinois,40.1391,-87.6479,169.2,0.5
"DANVILLE, PA US",USC00362013,1939-11-05,2011-07-14,Pennsylvania,40.9591,-76.6176,145.7,4
"DARLINGTON, WI US",USC00472001,1901-02-07,2019-12-15,Wisconsin,42.678,-90.1063,283.5,9
"DARWIN RANCH, WY US",USC00482375,1974-07-31,2019-12-14,Wyoming,43.41269,-110.16331,2496.3,2.5
"DAVENPORT, WA US",USC00452007,1893-02-28,2019-12-14,Washington,47.6575,-118.1615,722.1,6
"DAWSON, MN US",USC00212038,1893-06-30,2019-12-15,Minnesota,44.9318,-96.045,321.6,4
"DAYTON 1 WSW, WA US",USC00452030,1893-03-31,2019-12-07,Washington,46.3152,-118.0022,474.6,0.8
"DAYTON RIVER, IL US",USC00112178,1990-09-30,1997-09-29,Illinois,41.38667,-88.79056,140.8,3
"DAYTON, WY US",USC00482399,1951-03-13,2019-12-14,Wyoming,44.8767,-107.2631,1194.8,1
"DE KALB, IL US",USC00112223,1966-02-28,2019-12-15,Illinois,41.9342,-88.7756,266.1,6.4
"DE SMET, SD US",USC00392302,1892-12-31,2019-12-13,South Dakota,44.3826,-97.5497,519.7,1
"DE WITT, IA US",USC00132235,1954-08-31,2019-11-30,Iowa,41.8108,-90.5405,208.8,3
"DEADWOOD, SD US",USC00392207,1909-02-28,2006-04-29,South Dakota,44.37361,-103.73139,1423.4,2
"DEARBORN, MI US",USC00202015,1952-08-01,2019-12-15,Michigan,42.3195,-83.2377,184.4,3.9
"DECATUR 1 N, IN US",USC00122096,1931-08-31,2019-12-15,Indiana,40.8483,-84.9299,239.3,1.5
"DECATUR WTP, IL US",USC00112193,1892-12-31,2019-12-14,Illinois,39.8288,-88.9505,194.8,0.5
"DECORAH, IA US",USC00132110,1893-02-28,2019-12-14,Iowa,43.3043,-91.7952,262.1,13
"DEER CREEK FOREBAY, CA US",USC00042338,1969-10-31,1994-05-30,California,39.3,-120.83333,1357.9,16
"DEERFIELD 3 SE, SD US",USC00392231,1981-06-30,2002-12-30,South Dakota,43.99444,-103.78583,1847.1,2
"DEERING, NH US",USC00271950,1976-04-30,1997-07-30,New Hampshire,43.09083,-71.86778,325.2,9
"DEFIANCE, OH US",USC00332098,1893-03-09,2019-12-14,Ohio,41.2783,-84.3847,213.4,2.5
"DEL BONITA, MT US",USC00242301,1951-05-23,2013-07-30,Montana,48.9983,-112.7886,1321.9,6
"DEL NORTE 3 ENE, CO US",USC00052184,1892-12-31,2019-12-14,Colorado,37.69099,-106.30791,2391.2,1
"DELAWARE, OH US",USC00332119,1896-01-31,2001-01-30,Ohio,40.3175,-83.07389,280.4,1.1
"DELHI 2 SE, NY US",USC00302036,1924-05-31,2019-12-15,New York,42.2533,-74.905,445,5.3
"DEMOTTE WASTEWATER, IN US",USC00122161,1992-06-30,2003-05-30,Indiana,41.20833,-87.2175,199.6,2
"DENISON, IA US",USC00132171,1892-12-31,2019-12-15,Iowa,42.0363,-95.3288,427,5.5
"DERRY 4 SW, PA US",USC00362108,1896-08-31,2008-08-30,Pennsylvania,40.3,-79.33333,323.1,10
"DETOUR VILLAGE, MI US",USC00202094,1900-07-31,2019-12-15,Michigan,45.9983,-83.9013,181.4,0.5
"DETROIT DAM, OR US",USC00352292,1954-11-15,2019-12-15,Oregon,44.7241,-122.2547,371.9,5.5
"DEVILS TOWER NUMBER 2, WY US",USC00482466,1958-12-31,2019-09-29,Wyoming,44.5833,-104.7147,1177.1,1
"DEWEESE 4 SE, NE US",USC00252306,1957-07-31,2008-10-30,Nebraska,40.3497,-98.0592,506,5
"DICKINSON RANCH HQ, ND US",USC00322193,1981-05-31,2019-12-12,North Dakota,47.1944,-102.8413,725.4,5.1
"DICKINSON, ND US",USC00322188,1892-12-31,2019-12-15,North Dakota,46.89138,-102.77916,749.8,9
"DILLEY 2 S, OR US",USC00352325,1943-11-19,2019-12-12,Oregon,45.4633,-123.1135,59.1,1
"DILLINGER, WY US",USC00482580,1941-06-30,2019-09-29,Wyoming,44.0991,-105.1175,1313.7,1
"DILLON 1 E, CO US",USC00052281,1892-12-31,2019-12-15,Colorado,39.6261,-106.0353,2763,4.5
"DIMONDALE 1 WSW, MI US",USC00202140,1919-02-28,2004-07-30,Michigan,42.6444,-84.6503,266.7,9
"DINOSAUR NM QUARRY AREA, UT US",USC00422173,1915-11-30,2019-12-15,Utah,40.4384,-109.307,1463.6,1.8
"DIVIDE, MT US",USC00242421,1915-02-13,2015-04-29,Montana,45.751,-112.7547,1630.7,4
"DIXON 1 W, IL US",USC00112348,1892-12-31,2019-12-15,Illinois,41.83492,-89.51361,201.2,4.5
"DOBBS FERRY ARDSLEY, NY US",USC00302129,1945-09-30,2012-06-29,New York,41.0072,-73.8344,61,3
"DODGE, WI US",USC00472165,1948-06-30,2014-10-30,Wisconsin,44.133,-91.5511,208.8,8
"DODGEVILLE, WI US",USC00472173,1896-07-31,2019-12-15,Wisconsin,42.9608,-90.1161,338.3,12
"DOLORES, CO US",USC00052326,1908-09-30,2004-11-29,Colorado,37.47528,-108.4975,2118.4,6
"DONEGAL 2 NW, PA US",USC00362183,1943-08-31,2019-12-15,Pennsylvania,40.1276,-79.4059,548.6,9
"DONNELLSON, IA US",USC00132299,1938-01-23,2019-12-15,Iowa,40.6458,-91.564,214.9,2
"DONNER MEMORIAL ST PARK, CA US",USC00042467,1953-09-30,2015-05-30,California,39.3239,-120.2331,1809.6,18
"DORCHESTER, IA US",USC00132311,1947-03-31,2013-12-11,Iowa,43.4705,-91.5109,231,6.9
"DORSET 2 SE, VT US",USC00431786,1940-10-31,1999-06-29,Vermont,43.22417,-73.075,283.5,9.2
"DORSET, OH US",USC00332251,1956-12-11,2018-05-30,Ohio,41.68333,-80.66667,298.7,6
"DOUBLE FOUR RANCH, WY US",USC00482680,1942-07-31,2005-12-30,Wyoming,42.1794,-105.4016,1865.4,3
"DOVER FOXCROFT WWTP, ME US",USC00171975,1973-09-30,2019-12-15,Maine,45.1872,-69.1841,112.8,9
"DOVER, DE US",USC00072730,1892-12-31,2019-09-29,Delaware,39.1467,-75.5055,9.1,0.3
"DOWAGIAC 1 W, MI US",USC00202250,1953-06-07,2019-10-10,Michigan,41.9856,-86.132,225.6,16.5
"DOWNIEVILLE, CA US",USC00042500,1908-08-31,2019-09-29,California,39.5633,-120.8238,888.5,6
"DOYLE 4 SSE, CA US",USC00042506,1956-06-30,2017-02-27,California,39.9717,-120.0828,1338.1,2
"DRAKE 9 NE, ND US",USC00322304,1964-08-01,2019-10-30,North Dakota,48.0475,-100.31,466.3,0.7
"DRAYTON, ND US",USC00322312,1967-02-28,2000-12-30,North Dakota,48.56083,-97.18083,243.8,0.2
"DRIGGS, ID US",USC00102676,1904-07-31,2019-11-26,Idaho,43.7306,-111.1125,1865.4,4
"DRUMMOND, WI US",USC00472240,1948-07-31,2005-10-30,Wisconsin,46.33333,-91.26667,408.4,3
"DUBOIS EXPERIMENT STATION, ID US",USC00102707,1924-12-31,2019-09-29,Idaho,44.2436,-112.2005,1661.2,4.5
"DUBOIS, WY US",USC00482715,1905-04-30,2019-12-15,Wyoming,43.53976,-109.65522,2119.9,4.6
"DUBUQUE LOCK AND DAM 11, IA US",USC00132364,1938-02-28,2019-12-15,Iowa,42.5399,-90.6461,189,8
"DUCHESNE, UT US",USC00422253,1906-03-31,2019-12-13,Utah,40.1703,-110.3978,1691.9,2
"DUFUR, OR US",USC00352440,1904-07-17,2015-04-29,Oregon,45.4538,-121.1303,405.4,2
"DUGWAY, UT US",USC00422257,1950-09-20,2013-07-07,Utah,40.1838,-112.9216,1324.4,0.6
"DULL CENTER 1 SE, WY US",USC00482725,1926-05-19,2019-08-30,Wyoming,43.4117,-104.9614,1345.7,4
"DUNLO, PA US",USC00362298,1948-04-30,2015-12-30,Pennsylvania,40.2872,-78.7242,719.3,9
"DUNLOW 1 SW, WV US",USC00462522,1971-04-30,2019-10-30,West Virginia,37.94956,-82.40479,339.2,1
"DUNN CENTER 1 E, ND US",USC00322365,1917-12-31,2019-12-15,North Dakota,47.3466,-102.5869,666.6,4
"DUNSMUIR TREATMENT PLANT, CA US",USC00042574,1978-06-30,2019-09-29,California,41.1833,-122.2736,661.4,1.5
"DUPREE 15 SSE, SD US",USC00392446,1963-06-30,2019-12-08,South Dakota,44.8658,-101.4672,640.1,1.4
"DUPREE, SD US",USC00392429,1921-12-31,2019-12-14,South Dakota,45.04689,-101.60228,727.9,2
"DUPUYER 11 W, MT US",USC00242578,1991-12-31,1993-04-29,Montana,48.18333,-112.71667,1417.3,2
"DURANGO, CO US",USC00052441,1991-02-28,2018-05-23,Colorado,37.2911,-107.8563,2060.8,1.4
"DURHAM, NH US",USC00272174,1892-12-31,2019-09-29,New Hampshire,43.1432,-70.9501,22.9,7
"DWIGHT, IL US",USC00112500,1990-11-30,2019-12-15,Illinois,41.1072,-88.4111,191.4,3
"EAGLE BUTTE, SD US",USC00392468,1911-10-31,2017-10-30,South Dakota,45.01178,-101.2482,725.7,3
"EAGLE CREEK 9 SE, OR US",USC00352493,1972-10-31,2019-10-30,Oregon,45.2762,-122.202,282.2,4.1
"EARLEHURST, VA US",USC00442600,1976-08-31,2011-10-30,Virginia,37.6658,-80.2441,620.9,1
"EAST BRIMFIELD LAKE, MA US",USC00192107,1962-05-31,2019-12-15,Massachusetts,42.1103,-72.1269,213.4,5
"EAST GLACIER, MT US",USC00242629,1952-12-31,2019-12-10,Montana,48.4472,-113.2236,1464.9,7
"EAST HIRAM, ME US",USC00172238,1970-11-06,2009-07-30,Maine,43.87861,-70.75389,160.9,9.6
"EAST JEWETT, NY US",USC00302366,1985-07-31,2019-12-15,New York,42.23432,-74.14436,606.9,9
"EAST JORDAN, MI US",USC00202381,1926-05-31,2018-05-30,Michigan,45.15179,-85.1324,178.9,7.6
"EAST LANSING 4 S, MI US",USC00202395,1957-04-30,2010-03-30,Michigan,42.67417,-84.485,268.2,4
"EAST STROUDSBURG, PA US",USC00368596,1910-11-30,2019-12-09,Pennsylvania,41.01478,-75.20712,143.6,2
"EAST TAWAS, MI US",USC00202423,1890-03-31,2019-12-15,Michigan,44.2838,-83.5036,178.6,10.1
"EAST WAREHAM, MA US",USC00192451,1912-04-25,2019-09-29,Massachusetts,41.7653,-70.6697,9.1,2
"EASTPORT, ME US",USC00172426,1889-08-31,2013-04-18,Maine,44.90667,-66.99194,25.9,3.9
"EATON, OH US",USC00332485,1914-12-31,2019-12-15,Ohio,39.7328,-84.6353,305.4,1
"EAU CLAIRE 4 NE, MI US",USC00202445,1924-04-30,2014-04-29,Michigan,42.0153,-86.243,256,11.5
"EBENSBURG SEWAGE PLANT, PA US",USC00362470,1964-01-31,2019-12-12,Pennsylvania,40.4681,-78.7289,591.3,9.5
"ECHETA 2 NW, WY US",USC00482881,1908-08-31,2006-12-29,Wyoming,44.48278,-105.89917,1219.2,2
"ECHO DAM, UT US",USC00422385,1940-01-31,2019-09-29,Utah,40.96554,-111.4336,1667.3,2
"ECHO SUMT SIER TAHOE, CA US",USC00042671,1944-11-08,1994-03-30,California,38.78333,-120.03333,2240.3,18
"EDGELEY 3 WNW, ND US",USC00322482,1901-05-06,2019-10-30,North Dakota,46.36916,-98.76694,494.7,4
"EDGEMONT, MD US",USC00182770,1892-12-31,1995-09-29,Maryland,39.66667,-77.55,275.8,5.5
"EDGEMONT, SD US",USC00392557,1948-07-31,2019-12-15,South Dakota,43.31359,-103.82151,1046.1,3
"EL RITO, NM US",USC00292820,1903-01-29,2019-09-29,New Mexico,36.3466,-106.1877,2094,6
"ELDORA, IA US",USC00132573,1949-03-11,2019-12-13,Iowa,42.3652,-93.0971,327.1,9
"ELGIN 2 SSW, MN US",USC00212486,1939-04-26,2019-12-15,Minnesota,44.0969,-92.2702,338.3,4.5
"ELGIN, IL US",USC00112736,1897-11-30,2019-12-15,Illinois,42.06278,-88.28617,232.6,6.6
"ELGIN, ND US",USC00322588,1982-08-31,2019-10-30,North Dakota,46.4088,-101.8419,731.5,8
"ELIOT, ME US",USC00172602,1992-08-31,2019-09-29,Maine,43.10222,-70.77309,6.1,14
"ELIZABETH, IL US",USC00112745,1984-10-31,2019-12-15,Illinois,42.3162,-90.2269,205.7,7
"ELIZABETHTOWN, NY US",USC00302554,1897-03-31,2019-09-29,New York,44.2138,-73.5986,186.2,6
"ELK GROVE VILLAGE, IL US",USC00112763,1991-07-31,2003-10-30,Illinois,42.00333,-88.00694,213.4,6
"ELK MOUNTAIN, WY US",USC00482995,1948-07-31,2016-11-29,Wyoming,41.6877,-106.4136,2214.4,1
"ELK POINT 13 NE, SD US",USC00392622,1986-01-31,2000-12-30,South Dakota,42.85917,-96.58194,365.8,7.3
"ELK RIVER, MN US",USC00212500,1940-05-04,2019-12-15,Minnesota,45.30478,-93.58426,268.2,1.5
"ELKADER, IA US",USC00132603,1893-01-31,2019-12-15,Iowa,42.7754,-91.4537,240.2,10
"ELKHORN, WV US",USC00462709,1891-12-31,2008-01-30,West Virginia,37.3872,-81.4052,593.8,1
"ELLENBURG DEPOT, NY US",USC00302574,1898-11-30,2019-12-12,New York,44.913,-73.8223,289.6,6
"ELLENDALE, ND US",USC00322605,1892-12-31,2019-08-30,North Dakota,46.0108,-98.5261,443.5,2
"ELLENSBURG, WA US",USC00452505,1893-01-31,2019-12-12,Washington,46.9692,-120.54,451.1,2
"ELLENVILLE, NY US",USC00302582,1945-06-30,2014-10-31,New York,41.7167,-74.4,106.7,5
"ELLISTON, IN US",USC00122605,1908-05-05,2019-12-15,Indiana,39.0313,-86.9371,203.9,1.4
"ELLSWORTH 15 NNE, NE US",USC00252647,1963-04-30,2008-05-30,Nebraska,42.2651,-102.2134,1210.1,2
"ELLSWORTH 2 W, NE US",USC00252645,1943-06-30,2019-09-29,Nebraska,42.06284,-102.31722,1191.5,2
"ELLSWORTH 24 NNE, NE US",USC00252646,1954-06-30,1995-02-27,Nebraska,42.38333,-102.15,1176.5,2
"ELM SPRINGS 3 ESE, SD US",USC00392647,1923-02-28,2019-12-14,South Dakota,44.3186,-102.4683,806.2,2.7
"ELMIRA, NY US",USC00302610,1892-12-31,2019-12-15,New York,42.0997,-76.8358,288.6,3
"ELSMERE 9 ENE, NE US",USC00252680,1980-04-30,2019-10-30,Nebraska,42.1717,-100.0106,808.9,2
"ELTOPIA 8 WSW, WA US",USC00452542,1974-02-28,2007-01-30,Washington,46.3992,-119.1561,213.4,2.5
"ELWOOD, IN US",USC00122638,1948-05-31,2013-10-08,Indiana,40.2873,-85.8453,264,2
"ELYRIA 3 E, OH US",USC00332599,1949-03-31,2014-10-30,Ohio,41.38139,-82.05583,222.5,10.8
"ELYRIA 4 S, OH US",USC00332603,1975-04-30,2019-12-14,Ohio,41.3048,-82.1174,235.3,5.5
"EMBLEM, WY US",USC00483031,1911-04-30,2019-10-30,Wyoming,44.4971,-108.39057,1355.8,0.4
"EMERALD 1 W, NE US",USC00252706,1951-06-30,1997-05-30,Nebraska,40.84806,-96.84583,387.1,1
"EMERSON, NE US",USC00252715,1943-12-31,2019-12-14,Nebraska,42.27972,-96.72444,443.2,15.5
"EMMETSBURG, IA US",USC00132689,1892-12-31,2019-12-14,Iowa,43.1024,-94.6833,373.4,7.7
"EMMITSBURG 2 SE, MD US",USC00182906,1956-04-30,2019-12-14,Maryland,39.67621,-77.28443,122.8,11
"EMMONS, NY US",USC00305113,1983-10-31,2019-12-14,New York,42.4694,-75.0105,373.4,6.9
"EMPORIUM, PA US",USC00362629,1969-05-31,2008-08-30,Pennsylvania,41.50667,-78.2275,317,6
"ENCAMPMENT 10 ESE, WY US",USC00483045,1948-07-31,1998-10-30,Wyoming,41.18333,-106.61667,2250.9,4
"ENOSBURG FALLS 2, VT US",USC00432773,1992-02-29,2019-12-15,Vermont,44.9096,-72.8137,129.5,7
"ENOSBURG FALLS, VT US",USC00432769,1891-07-31,2017-06-29,Vermont,44.9094,-72.8082,128,5.5
"ENTIAT FISH HATCHERY, WA US",USC00452563,1989-06-30,2019-12-15,Washington,47.6983,-120.3228,313,2.5
"EPPING, ND US",USC00322735,1908-03-31,1996-11-29,North Dakota,48.28333,-103.36667,676.7,3.6
"ERICSON 8 WNW, NE US",USC00252770,1892-12-31,2019-12-15,Nebraska,41.8037,-98.8239,651.4,2.5
"ERROL, NH US",USC00272842,1926-12-31,2013-09-29,New Hampshire,44.7888,-71.123,387.1,14
"ESCALANTE, UT US",USC00422592,1901-04-30,2019-12-14,Utah,37.7686,-111.5977,1770.9,2
"ESPERANCE 2 N, NY US",USC00302686,1992-01-31,1995-07-30,New York,42.45,-74.28333,335.3,10.5
"ESSEX JUNCTION 1 N, VT US",USC00432843,1971-10-31,2014-08-19,Vermont,44.5079,-73.1152,103.6,9
"ESSEXVILLE, MI US",USC00202631,1978-11-30,2010-03-30,Michigan,43.6155,-83.845,179.2,8
"ESTELL MANOR, NJ US",USC00282805,1990-11-30,2019-12-15,New Jersey,39.38293,-74.82932,25.9,1.7
"ESTES PARK, CO US",USC00052759,1896-01-31,2001-06-29,Colorado,40.37667,-105.48583,2279.9,3
"ESTHERVILLE 4 E, IA US",USC00132724,1892-12-31,2019-12-13,Iowa,43.4036,-94.7472,402.3,6
"EUREKA RANGER STATION, MT US",USC00242827,1960-05-31,2019-12-08,Montana,48.8978,-115.0644,771.8,6
"EUREKA, SD US",USC00392797,1877-03-02,2019-12-15,South Dakota,45.76542,-99.6222,570.3,4
"EUSTIS 2 NW, NE US",USC00252790,1944-09-30,2019-12-15,Nebraska,40.6864,-100.0536,833.3,0.2
"EUSTIS, ME US",USC00172700,1948-10-29,2018-09-30,Maine,45.21039,-70.47272,384,11.2
"EVERETT, PA US",USC00362721,1897-04-30,2019-11-29,Pennsylvania,40.0136,-78.3653,304.8,4.6
"EWING, NE US",USC00252805,1893-03-05,2019-09-29,Nebraska,42.2611,-98.3416,565.1,8
"FAIRFIELD RANGER STATION, ID US",USC00103108,1948-09-30,2019-09-29,Idaho,43.3428,-114.7899,1543.8,2
"FAIRFIELD, IA US",USC00132789,1892-12-31,2019-12-15,Iowa,41.021,-91.9553,225.6,2
"FAIRFIELD, ND US",USC00322809,1928-07-31,2014-02-27,North Dakota,47.1905,-103.2247,838.2,5.5
"FAIRFIELD, UT US",USC00422696,1910-12-31,2019-09-29,Utah,40.26231,-112.08973,1487.4,2
"FAIRMONT, MN US",USC00212698,1892-12-31,2013-09-16,Minnesota,43.6447,-94.4656,361.8,8
"FAIRMONT, NE US",USC00252840,1894-10-31,2011-12-10,Nebraska,40.64222,-97.59278,499.9,1
"FAIRMONT, WV US",USC00462920,1892-02-02,2019-12-14,West Virginia,39.4583,-80.1353,396.2,1.3
"FAIRVIEW 8 N, UT US",USC00422702,1975-04-30,2012-03-30,Utah,39.7483,-111.4163,2057.4,11.3
"FAIRVIEW, UT US",USC00422700,1984-12-31,1997-02-06,Utah,39.61667,-111.43333,1816.6,7
"FAITH, SD US",USC00392852,1913-03-31,2012-09-29,South Dakota,45.0203,-102.0367,790,2
"FALLS CITY NUMBER 2, OR US",USC00352805,1961-05-07,2001-03-30,Oregon,44.85778,-123.43083,128,3.3
"FALLS VILLAGE, CT US",USC00062658,1916-01-31,2014-03-29,Connecticut,41.95,-73.36667,167.6,2
"FALMOUTH, ME US",USC00172751,1991-05-31,1995-08-30,Maine,43.73333,-70.21667,39.6,10
"FARIBAULT, MN US",USC00212721,1895-11-30,2019-12-13,Minnesota,44.3092,-93.266,295.7,4
"FARMER CITY 3 W, IL US",USC00112993,1948-06-30,2015-05-19,Illinois,40.2538,-88.7075,227.1,6
"FARMERSBURG TV 2, IN US",USC00122814,1991-12-31,2019-12-14,Indiana,39.2425,-87.3905,167,1
"FARMINGTON 3 NW, MN US",USC00212737,1893-01-01,2010-10-13,Minnesota,44.6698,-93.1701,298.7,3.5
"FARMINGTON 3 NW, UT US",USC00422726,1948-06-30,2016-09-29,Utah,41.0203,-111.9328,1335,8.1
"FARMINGTON, ME US",USC00172765,1892-12-31,2019-12-07,Maine,44.68938,-70.15646,123.4,17
"FARMLAND 5 NNW, IN US",USC00122825,1892-12-31,2019-12-14,Indiana,40.2538,-85.1484,294.1,0.7
"FARMVILLE 2 N, VA US",USC00442941,1897-01-31,2019-09-29,Virginia,37.3263,-78.3864,137.2,1
"FAULKTON 1 NW, SD US",USC00392927,1892-12-31,2019-12-15,South Dakota,45.0363,-99.1342,486.8,4
"FAYETTE, IA US",USC00132864,1892-12-31,2019-12-15,Iowa,42.88262,-91.83025,349,9.5
"FAYETTEVILLE, OH US",USC00332727,1976-08-31,1999-11-29,Ohio,39.21222,-83.87778,300.5,0.5
"FERGUS FALLS, MN US",USC00212768,1892-12-31,2018-03-15,Minnesota,46.2919,-96.1172,381,1
"FERRON, UT US",USC00422798,1897-04-19,2019-11-13,Utah,39.0875,-111.1325,1805.3,1
"FESSENDEN, ND US",USC00322949,1911-09-30,2012-09-29,North Dakota,47.6455,-99.6219,493.8,0.6
"FILLMORE, UT US",USC00422828,1892-12-31,2019-12-12,Utah,38.96035,-112.32399,1562.7,1
"FINDLAY WPCC, OH US",USC00332791,1893-05-31,2019-12-14,Ohio,41.0461,-83.6622,234.1,2.1
"FIRST CONNECTICUT LAKE, NH US",USC00272999,1917-12-31,2019-12-15,New Hampshire,45.0899,-71.2906,502.9,11
"FISHS EDDY, NY US",USC00302829,1953-04-07,2006-11-29,New York,41.96667,-75.18333,310.9,3
"FLAMING GORGE, UT US",USC00422864,1957-11-30,2019-09-29,Utah,40.9316,-109.4116,1903.2,3
"FLANDREAU, SD US",USC00392984,1892-12-31,2019-12-15,South Dakota,44.0516,-96.5927,487.7,4.2
"FLAT TOP, WV US",USC00463072,1930-12-31,1999-08-30,West Virginia,37.5894,-81.0925,1016.5,4.6
"FLATWILLOW 4 ENE, MT US",USC00243013,1913-05-31,2019-09-29,Montana,46.8217,-108.3724,1003.4,1
"FLEMINGTON 5 NNW, NJ US",USC00283029,1898-02-28,2019-12-15,New Jersey,40.57401,-74.88156,80.8,4
"FLOODWOOD 3 NE, MN US",USC00212842,1986-06-30,2019-12-13,Minnesota,46.9728,-92.87,384,1.1
"FLORENCE 3 SSE, OH US",USC00332847,1975-04-30,1994-12-30,Ohio,41.2814,-82.403,256,2.7
"FLORISSANT FOSSIL BED, CO US",USC00052965,1988-11-30,2019-09-29,Colorado,38.9127,-105.2849,2560.9,2
"FOND DU LAC, WI US",USC00472839,1892-12-31,2019-12-09,Wisconsin,43.7952,-88.4533,231.6,11.5
"FORD CITY 4 S DAM, PA US",USC00362942,1943-07-20,2019-12-15,Pennsylvania,40.71507,-79.51345,283.5,3.2
"FOREST CITY 2 NNE, IA US",USC00132977,1894-02-28,2019-12-15,Iowa,43.2844,-93.6305,390.1,12
"FOREST LAKE 5 NE, MN US",USC00212881,1958-10-08,2019-09-29,Minnesota,45.33177,-92.89827,275.8,3.1
"FORESTBURG 4 NNE, SD US",USC00393029,1892-12-31,2019-12-14,South Dakota,44.0685,-98.0833,397.8,2
"FORKS 4 NNE, MT US",USC00243089,1914-12-31,1996-01-30,Montana,48.77778,-107.45361,792.2,2
"FORMAN 5 SSE, ND US",USC00323117,1892-12-31,2019-10-30,North Dakota,46.0333,-97.595,381,3
"FORT ASSINIBOINE, MT US",USC00243110,1916-12-31,2019-09-29,Montana,48.4982,-109.8014,815.3,4
"FORT ATKINSON, WI US",USC00472869,1941-08-31,2019-12-14,Wisconsin,42.905,-88.8588,243.8,10.2
"FORT BENTON, MT US",USC00243113,1894-11-30,2019-12-15,Montana,47.8304,-110.6611,807.4,3
"FORT BIDWELL, CA US",USC00043157,1867-05-31,2019-09-29,California,41.8715,-120.1574,1444.4,3
"FORT DODGE 5 NNW, IA US",USC00132999,1899-12-06,2019-12-15,Iowa,42.5836,-94.2005,339.9,8
"FORT KENT, ME US",USC00172878,1892-12-31,2019-12-15,Maine,47.2386,-68.61195,185.9,4
"FORT LEWIS, CO US",USC00053016,1914-12-31,2019-09-29,Colorado,37.2309,-108.0514,2320.7,7.5
"FORT MADISON, IA US",USC00133007,1892-12-31,2019-12-11,Iowa,40.6222,-91.334,161.5,1
"FORT PIERRE 17 WSW, SD US",USC00393076,1964-03-31,2019-04-29,South Dakota,44.2444,-100.6591,484.6,0.5
"FORT YATES 4 SW, ND US",USC00323207,1892-12-31,2000-02-28,North Dakota,46.05,-100.66667,510.5,2
"FORTINE 1 N, MT US",USC00243139,1906-02-28,2009-03-30,Montana,48.7783,-114.8997,914.4,6
"FORTUNA 1 W, ND US",USC00323196,1963-09-30,2019-10-30,North Dakota,48.908,-103.8055,716.3,1
"FOSSIL BUTTE, WY US",USC00483582,1990-07-31,2019-12-13,Wyoming,41.83684,-110.77045,2068.1,3
"FOSSTON 1 E, MN US",USC00212916,1909-06-30,2019-09-29,Minnesota,47.5639,-95.7246,396.2,1
"FOWLER 10 W, IN US",USC00123066,1989-06-30,1999-07-30,Indiana,40.63389,-87.49194,216.4,2
"FOXBORO, WI US",USC00472889,1963-11-01,2018-08-30,Wisconsin,46.4856,-92.2875,284.1,6.2
"FRANCESVILLE, IN US",USC00123078,1990-07-31,2019-12-15,Indiana,40.9843,-86.8871,207.3,1.5
"FRANCIS E WALTER DAM, PA US",USC00363018,1963-09-30,2019-12-15,Pennsylvania,41.1184,-75.7277,459.9,2
"FRANKFORT 2 NE, MI US",USC00202984,1898-02-28,2019-12-05,Michigan,44.648,-86.21,289,15
"FRANKFORT DISPOSAL, IN US",USC00123082,1913-12-31,2019-12-14,Indiana,40.2986,-86.5066,251.2,3
"FRANKLIN 2 NE, WV US",USC00463215,1905-12-31,2009-05-30,West Virginia,38.6756,-79.3092,579.1,2.3
"FRANKLIN, MA US",USC00192997,1926-02-28,2019-12-15,Massachusetts,42.0793,-71.4095,76.2,4
"FRANKLIN, PA US",USC00363028,1897-01-02,2019-12-15,Pennsylvania,41.4004,-79.8305,309.4,5
"FRANKLINVILLE, NY US",USC00303025,1896-09-30,2019-12-12,New York,42.3295,-78.4637,484.6,6
"FRASER, CO US",USC00053116,1989-04-30,2019-12-14,Colorado,39.9425,-105.8172,2609.1,8
"FREDONIA, NY US",USC00303033,1913-12-31,2012-02-13,New York,42.4496,-79.3119,231.6,8
"FREEPORT WWP, IL US",USC00113262,1948-05-31,2019-12-15,Illinois,42.2972,-89.6038,228.6,6
"FREEVILLE 1 NE, NY US",USC00303050,1948-05-31,2019-12-15,New York,42.5192,-76.331,320,3.5
"FREMONT, NE US",USC00253050,1892-12-31,2019-12-15,Nebraska,41.43,-96.4669,359.7,1
"FREMONT, OH US",USC00332974,1901-06-30,2019-12-11,Ohio,41.3331,-83.1189,182.9,3
"FRIENDSHIP 7 SW, NY US",USC00303065,1968-12-31,2009-12-30,New York,42.13778,-78.23722,499.9,7.8
"FROSTBURG 2, MD US",USC00183415,1972-03-31,2019-12-15,Maryland,39.65971,-78.93601,661.4,14.5
"FRYEBURG, ME US",USC00173026,1991-12-31,1998-09-29,Maine,44.01667,-70.9825,129.5,14.5
"FULLERTON 1 ESE, ND US",USC00323287,1897-12-31,2019-12-11,North Dakota,46.158,-98.4,437.4,3
"FULTON DAM, IL US",USC00113290,1937-12-31,2019-12-15,Illinois,41.8978,-90.1545,180.4,4
"GACKLE, ND US",USC00323309,1948-07-06,2002-09-29,North Dakota,46.6275,-99.13833,594.7,2.5
"GALENA, ID US",USC00103417,1963-08-31,1996-03-30,Idaho,43.87222,-114.65417,2225,8
"GALENA, IL US",USC00113312,1895-07-31,2019-12-15,Illinois,42.3995,-90.386,250.5,8
"GALESBURG, IL US",USC00113320,1895-01-05,2019-12-15,Illinois,40.9464,-90.3856,232,4.1
"GALESVILLE 1 S, WI US",USC00472996,1938-07-31,2009-10-30,Wisconsin,44.0757,-91.341,233.2,7
"GALETON, PA US",USC00363130,1931-02-12,2019-12-15,Pennsylvania,41.7356,-77.6516,410,6.5
"GALION WATER WORKS, OH US",USC00333021,1948-07-31,2019-12-15,Ohio,40.7231,-82.7999,356.6,2
"GALVA, IA US",USC00133108,1963-06-30,2009-12-30,Iowa,42.5027,-95.4183,426.7,13
"GALVA, IL US",USC00113335,1892-12-31,2019-09-29,Illinois,41.1738,-90.0351,246.9,5
"GANN VALLEY 4 NW, SD US",USC00393217,1897-08-31,2009-05-30,South Dakota,44.0569,-99.0719,524.3,3
"GARDINER, ME US",USC00173046,1886-08-31,2019-10-30,Maine,44.2202,-69.789,40.5,13
"GARRETT 1 S, IN US",USC00123207,1989-01-31,2019-09-29,Indiana,41.3366,-85.1198,265.2,7.3
"GARRISON 4 NE, MN US",USC00213051,1991-08-31,1996-11-26,Minnesota,46.33056,-93.7675,368.8,2
"GARRISON, ND US",USC00323376,1948-06-30,2019-12-15,North Dakota,47.6538,-101.4198,588.9,5.1
"GARWIN, IA US",USC00133120,1978-04-30,2019-12-15,Iowa,42.09022,-92.6703,285.9,6
"GAS HILLS 4 E, WY US",USC00483801,1962-09-09,2007-04-29,Wyoming,42.8394,-107.5133,1972.1,2
"GASSAWAY, WV US",USC00463361,1918-03-31,2019-12-15,West Virginia,38.6649,-80.7672,258.5,4
"GATHRIGHT DAM, VA US",USC00443310,1980-05-31,2019-12-15,Virginia,37.9458,-79.9542,539.5,6
"GAYLORD, MI US",USC00203096,1892-12-31,2019-12-15,Michigan,45.0332,-84.7113,401.7,14
"GAYS MILLS, WI US",USC00473022,1981-03-31,2019-11-17,Wisconsin,43.3145,-90.8486,210,8.8
"GEBHARD WOODS ST PK, IL US",USC00113369,1970-12-02,1995-10-30,Illinois,41.35,-88.43333,153.9,3
"GENESEO, IL US",USC00113384,1894-12-31,2019-12-14,Illinois,41.4511,-90.1487,194.8,1.5
"GENEVA RESEARCH FARM, NY US",USC00303184,1968-12-31,2019-12-15,New York,42.8766,-77.0307,218.8,6
"GENOA 2 W, NE US",USC00253185,1892-12-31,2019-09-29,Nebraska,41.4513,-97.7644,484.6,3.7
"GENOA DAM 8, WI US",USC00473038,1936-10-31,2019-12-15,Minnesota,43.5705,-91.2295,194.8,8
"GENOA, CO US",USC00053258,1940-07-31,2019-12-13,Colorado,39.2774,-103.4958,1709.3,0.3
"GEORGETOWN 1 E, MN US",USC00213104,1962-10-31,2019-12-03,Minnesota,47.0792,-96.7758,269.7,2
"GERALDINE, MT US",USC00243445,1950-12-21,2012-02-28,Montana,47.6014,-110.267,958.6,1.5
"GERMANTOWN, WI US",USC00473058,1944-05-31,2019-12-15,Wisconsin,43.2388,-88.1222,259.1,12.6
"GETTYSBURG, SD US",USC00393294,1901-02-28,2019-12-07,South Dakota,45.0194,-99.9402,635.2,6
"GHOST RANCH, NM US",USC00293511,1941-12-31,2019-12-08,New Mexico,36.3336,-106.4744,1981.2,1.5
"GIBBONSVILLE, ID US",USC00103554,1894-12-31,2011-09-14,Idaho,45.5395,-113.9274,1365.5,1
"GIBSON 2 NE, MT US",USC00243486,1951-06-22,2019-10-28,Montana,46.0398,-109.4954,1354.5,4
"GIBSON CITY, IL US",USC00113413,1935-06-30,2008-03-30,Illinois,40.47306,-88.36528,228.6,3.5
"GILLETTE 4 SE, WY US",USC00483855,1902-02-28,2019-12-14,Wyoming,44.2666,-105.4489,1414.3,0.9
"GILMAN, IA US",USC00133239,1899-03-31,2018-04-17,Iowa,41.878,-92.7786,312.4,3
"GLAD VALLEY 2 W, SD US",USC00393316,1949-07-31,2019-09-29,South Dakota,45.40077,-101.81033,758,2
"GLADY 1 N, WV US",USC00463464,1973-08-31,2015-08-30,West Virginia,38.8072,-79.7172,865.6,8
"GLASGOW 1 SE, VA US",USC00443375,1967-10-31,2019-12-15,Virginia,37.61838,-79.43575,224.6,2
"GLEN HAZEL 2 NE DAM, PA US",USC00363311,1942-09-10,2019-12-15,Pennsylvania,41.5631,-78.6014,524.3,6
"GLEN HOPE, PA US",USC00363316,1990-07-31,2001-09-29,Pennsylvania,40.8,-78.5,417.6,4
"GLENBROOK, NV US",USC00263205,1900-12-31,2019-12-08,Nevada,39.0753,-119.9411,1935.5,14
"GLENCLIFF 2, NH US",USC00273415,1978-04-30,2012-08-12,New Hampshire,43.9847,-71.8947,329.2,5
"GLENCOE 1 E, PA US",USC00363295,1982-10-31,2000-11-29,Pennsylvania,39.81667,-78.83333,576.1,10
"GLENDIVE, MT US",USC00243581,1892-12-31,2019-12-14,Montana,47.1059,-104.71759,632.5,5
"GLENHAM, NY US",USC00303259,1932-01-31,1996-08-30,New York,41.51667,-73.93333,83.8,3
"GLENMOORE, PA US",USC00363321,1959-03-31,2019-12-15,Pennsylvania,40.0962,-75.7513,152.4,3
"GLENN DALE BELL STATION, MD US",USC00183675,1920-12-31,2007-05-30,Maryland,38.9688,-76.8041,45.7,4
"GLENOMA, WA US",USC00453177,1966-02-28,2004-05-30,Washington,46.51861,-122.13833,256,2
"GLENROCK 5 ESE, WY US",USC00483950,1941-06-30,2008-01-30,Wyoming,42.8266,-105.7877,1508.2,6.5
"GLENS FALLS FARM, NY US",USC00303284,1942-12-31,2015-08-30,New York,43.3246,-73.6781,153.6,9.5
"GLENVIEW NAS, IL US",USW00014855,1945-02-28,1995-05-30,Illinois,42.08333,-87.83333,196.9,4.1
"GLENVILLE, WV US",USC00463544,1887-12-31,2019-12-15,West Virginia,38.93399,-80.83176,224.9,1.5
"GLENWILLARD DASHIELDS LOCK AND DAM, PA US",USC00363343,1944-09-30,2019-12-15,Pennsylvania,40.54886,-80.20578,216.4,5
"GLENWOOD 3 SW, IA US",USC00133290,1892-12-31,2008-08-30,Iowa,41.0097,-95.7736,298.7,1
"GLENWOOD NUMBER 2, WA US",USC00453184,1979-08-31,2012-09-11,Washington,46.0089,-121.2634,579.7,2
"GLENWOOD SPGS NUMBER 2, CO US",USC00053359,1893-08-31,2019-09-29,Colorado,39.518,-107.3172,1796.8,1
"GLOVERSVILLE, NY US",USC00303319,1892-12-31,2006-11-29,New York,43.04917,-74.35917,246.9,12.5
"GOLDBUTTE 7 N, MT US",USC00243617,1905-03-19,2019-12-12,Montana,48.9754,-111.3989,1066.2,3
"GOLDENDALE, WA US",USC00453226,1972-04-30,1995-02-27,Washington,45.81667,-120.81667,518.2,2.3
"GOODRICH 1 E, WI US",USC00473182,1948-05-31,2011-01-14,Wisconsin,45.149,-90.0668,423.7,1.3
"GORDON 6 N, NE US",USC00253355,1897-12-31,2019-10-30,Nebraska,42.8966,-102.20298,1142.4,5
"GORDON, WI US",USC00473186,1951-09-05,2019-12-01,Wisconsin,46.245,-91.8047,317,2.6
"GORDONSVILLE 3 S, VA US",USC00443466,1961-06-30,2003-04-29,Virginia,38.08611,-78.1825,140.2,2.9
"GOSHEN 3 SW, IN US",USC00123418,1914-06-02,2019-12-14,Indiana,41.5575,-85.8825,266.7,7
"GOSHEN, VA US",USC00443470,1896-01-31,2009-10-27,Virginia,37.9839,-79.5008,411.5,4
"GOUVERNEUR 3 NW, NY US",USC00303346,1936-10-31,2019-12-14,New York,44.354,-75.5123,128,8.5
"GRAFTON, NH US",USC00273530,1884-11-30,2004-06-29,New Hampshire,43.56667,-71.95,253,7.5
"GRAND FORKS UNIVERSITY NWS, ND US",USC00323621,1892-12-31,2019-12-15,North Dakota,47.92172,-97.0975,253,0.3
"GRAND HAVEN FIRE DEPARTMENT, MI US",USC00203290,1903-06-30,2001-08-30,Michigan,43.06222,-86.22444,189,11
"GRAND JUNCTION 6 ESE, CO US",USC00053489,1962-03-25,2019-12-15,Colorado,39.0422,-108.4663,1450.8,0.2
"GRAND LAKE 1 NW, CO US",USC00053496,1907-09-30,2019-12-14,Colorado,40.2669,-105.8322,2657.9,11.3
"GRAND LAKE STREAM, ME US",USC00173261,1948-06-30,2019-11-30,Maine,45.1776,-67.7742,88.4,6.5
"GRAND LEDGE 1 NW, MI US",USC00203306,1948-06-30,2019-12-15,Michigan,42.7631,-84.7622,243.8,4.9
"GRAND MEADOW, MN US",USC00213290,1892-12-31,2019-12-15,Minnesota,43.7047,-92.5644,411.5,9
"GRAND PORTAGE RANGER STATION, MN US",USC00213296,1895-01-09,2019-12-14,Minnesota,47.9711,-89.6908,222.5,1
"GRAND RAPIDS FRS LAB, MN US",USC00213303,1915-05-31,2019-12-14,Minnesota,47.2436,-93.4975,399.3,1.4
"GRAND RAPIDS, OH US",USC00333292,1945-05-16,2018-09-29,Ohio,41.41667,-83.86667,190.8,5.5
"GRANT, CO US",USC00053530,1963-08-31,2019-12-15,Colorado,39.4607,-105.6785,2644.1,1.5
"GRANTSVILLE 2 W, UT US",USC00423348,1905-12-31,2019-12-12,Utah,40.602,-112.5076,1386.8,2
"GRASS RANGE, MT US",USC00243727,1914-02-07,2019-12-14,Montana,47.0256,-108.8035,1063.8,1
"GRASS VALLEY NUMBER 2, CA US",USC00043573,1966-09-30,2019-12-15,California,39.2041,-121.068,731.5,1
"GRASSY BUTTE 2 ENE, ND US",USC00323705,1987-07-31,2019-09-29,North Dakota,47.4011,-103.2072,813.8,2.5
"GRAYLING, MI US",USC00203391,1891-09-30,2019-09-29,Michigan,44.6546,-84.6998,346.6,16.8
"GREAT BARRINGTON 2 N, MA US",USC00193213,1973-11-30,2014-03-29,Massachusetts,42.2167,-73.35,209.7,6
"GREAT SAND DUNES NATIONAL PARK AND PRESERVE, CO US",USC00053541,1950-08-31,2019-12-14,Colorado,37.7332,-105.5119,2494.2,0.1
"GREENEVILLE EXPERIMENTAL STATION, TN US",USC00403679,1890-04-30,2019-12-13,Tennessee,36.1056,-82.8436,402.3,0.5
"GREENFIELD, IA US",USC00133438,1892-12-31,2019-12-14,Iowa,41.29415,-94.44564,401.1,2
"GREENFIELD, IN US",USC00123527,1903-10-31,2019-12-15,Indiana,39.7858,-85.7611,264.9,0.5
"GREENLAND, NH US",USC00273626,1973-07-31,2019-12-11,New Hampshire,43.021,-70.8257,29,14
"GREENSBORO LOCK 7, PA US",USC00363503,1888-09-30,1996-09-29,Pennsylvania,39.78333,-79.91667,240.2,1
"GREENUP LOCKS AND DAM, KY US",USC00154848,1961-03-30,2019-12-15,Kentucky,38.64812,-82.86115,160.9,0.3
"GREENVILLE 1 NNE, NH US",USC00273658,1992-04-30,2019-12-15,New Hampshire,42.78273,-71.79853,274.3,13
"GREENVILLE 2 NNE, MI US",USC00203429,1912-08-09,2019-09-29,Michigan,43.2025,-85.2422,268.8,12
"GREENVILLE, CA US",USC00043621,1893-12-31,2008-05-30,California,40.1408,-120.9505,1094.2,1.9
"GREENWOOD 2 NE, DE US",USC00073595,1985-12-31,2010-06-29,Delaware,38.8161,-75.5761,13.7,0.5
"GREENWOOD LAKE, NJ US",USC00283516,1940-12-31,2009-03-30,New Jersey,41.13861,-74.32444,143.3,4
"GRESHAM 3 W, NE US",USC00253461,1914-06-30,2019-09-29,Nebraska,41.031,-97.4704,495,3
"GRINNELL 3 SW, IA US",USC00133473,1892-12-31,2019-11-10,Iowa,41.72,-92.749,275.8,4.9
"GROTON, CT US",USC00063207,1948-06-01,2019-09-29,Connecticut,41.351,-72.039,12.2,2
"GROUSE CREEK, UT US",USC00423486,1959-03-31,2011-09-28,Utah,41.7138,-113.8694,1621.5,2
"GROVELAND, MA US",USC00193276,1992-07-31,2019-12-14,Massachusetts,42.7467,-71.0426,9.1,13.6
"GRUNDY CENTER, IA US",USC00133487,1892-12-31,2019-12-14,Iowa,42.3647,-92.7594,300.2,10
"GRUNDY, VA US",USC00443640,1942-04-30,2019-12-15,Virginia,37.28217,-82.08849,352.7,0.1
"GUFFEY 10 SE, CO US",USC00053656,1950-06-30,2006-12-30,Colorado,38.6754,-105.3922,2619.8,4.2
"GUILFORD, ME US",USC00173417,1978-04-30,2012-03-30,Maine,45.17028,-69.38167,121.9,7
"GULL LAKE BIOLOGICAL STATION, MI US",USC00203504,1929-04-05,2019-09-29,Michigan,42.3941,-85.385,281.9,9.4
"GULL LAKE DAM, MN US",USC00213411,1911-01-31,2019-12-15,Minnesota,46.4119,-94.3608,370.3,1.6
"GURNEE PUBLIC WORKS, IL US",USC00113738,1987-08-10,2004-07-30,Illinois,42.36556,-87.95333,207.3,6
"GUTHRIE CENTER, IA US",USC00133509,1895-01-31,2019-12-15,Iowa,41.6686,-94.4972,324.6,3.5
"GUTTENBERG L AND D 10, IA US",USC00133517,1937-10-31,2019-12-15,Iowa,42.7858,-91.0958,188.4,9.5
"HACKER VALLEY, WV US",USC00463798,1960-08-31,2019-12-15,West Virginia,38.6195,-80.3821,484.6,4
"HAGERSTOWN, MD US",USC00183975,1895-04-30,1993-10-30,Maryland,39.65,-77.73333,201.2,1.5
"HAGUE, ND US",USC00323826,1950-12-21,2016-09-29,North Dakota,46.025,-99.9911,578.5,2
"HALE LOUD DAM, MI US",USC00203529,1913-03-31,2019-12-15,Michigan,44.4633,-83.7216,221.9,12
"HAMBURG, PA US",USC00363632,1893-12-31,2019-12-15,Pennsylvania,40.55156,-75.99105,112.5,3.2
"HAMER 4 NW, ID US",USC00103964,1948-10-24,2019-12-10,Idaho,43.9663,-112.2641,1460,2
"HAMLIN, WV US",USC00463846,1898-12-31,2014-10-30,West Virginia,38.2794,-82.1114,207.3,2
"HAMPTON, IA US",USC00133584,1892-12-31,2019-12-15,Iowa,42.756,-93.202,336.8,9
"HANCOCK EXPERIMENTAL FARM, WI US",USC00473405,1902-12-31,2019-12-15,Wisconsin,44.11869,-89.53587,332.8,8.5
"HANCOCK, MD US",USC00184030,1946-05-31,1998-03-30,Maryland,39.6969,-78.1775,117,5
"HANKINSON, ND US",USC00323908,1929-03-31,1993-09-29,North Dakota,46.06667,-96.9,326.1,5
"HANOVER, NH US",USC00273850,1884-10-31,2019-12-12,New Hampshire,43.7052,-72.2855,178,6.1
"HANS FLAT RANGER STATION, UT US",USC00423600,1980-09-30,2019-12-15,Utah,38.2553,-110.18,2011.7,0.4
"HANSBORO 4 NNE, ND US",USC00323963,1908-02-29,2011-04-29,North Dakota,48.99889,-99.34639,469.4,0.3
"HARDING 3 SE, SD US",USC00393560,1951-12-01,2019-12-14,South Dakota,45.36,-103.8116,1036.3,4
"HARDWICK 3 WSW, MA US",USC00193405,1991-01-31,2002-08-30,Massachusetts,42.33333,-72.25,226.5,7.5
"HARDWICK, MA US",USC00193401,1925-03-31,2007-05-30,Massachusetts,42.35,-72.2,295.7,6
"HARLAN, IA US",USC00133632,1899-01-31,2016-02-23,Iowa,41.6452,-95.3339,387.1,3
"HARMONY, ME US",USC00173567,1978-04-30,2019-12-15,Maine,44.9466,-69.5456,97.5,11
"HARMONY, MN US",USC00213520,1939-08-31,2019-09-29,Minnesota,43.5458,-92.0122,411.5,9.8
"HARRINGTON, SD US",USC00393574,1960-09-30,2007-05-30,South Dakota,43.1647,-101.2567,908.3,3
"HARRINGTON, WA US",USC00453515,1961-11-30,2019-08-30,Washington,47.4829,-118.2519,658.1,4.1
"HARRISBURG 12 WNW, NE US",USC00253605,1911-06-15,2019-12-15,Nebraska,41.633,-103.9541,1386.8,1
"HARRISON, NE US",USC00253615,1893-02-28,2019-12-15,Nebraska,42.6858,-103.8841,1478.3,6
"HARROLD 12 SSW, SD US",USC00393608,1963-07-31,2019-07-30,South Dakota,44.3628,-99.8034,518.5,4
"HART, MI US",USC00203632,1892-12-31,2019-12-15,Michigan,43.6747,-86.4238,234.7,18
"HARTFORD 2 W, WI US",USC00473453,1893-11-30,2019-12-14,Wisconsin,43.3311,-88.4113,298.7,6
"HARTINGTON, NE US",USC00253630,1892-12-31,2019-03-30,Nebraska,42.6166,-97.2608,429.2,7.3
"HARTLINE, WA US",USC00453529,1927-01-31,2019-08-30,Washington,47.68914,-119.10635,580.9,8
"HARVARD, IL US",USC00113902,1990-09-30,2019-12-10,Illinois,42.4147,-88.6308,277.4,8.2
"HARVEY 4 NE, ND US",USC00324013,1942-05-24,2019-09-29,North Dakota,47.8083,-99.8758,491,1
"HASKINS DAM, OR US",USC00353705,1931-12-12,2019-12-14,Oregon,45.3127,-123.35,230.4,1
"HASKINVILLE, NY US",USC00303722,1900-01-31,2000-07-30,New York,42.42056,-77.5675,502.9,3
"HASTINGS 4 N, NE US",USC00253660,1894-10-31,2019-12-15,Nebraska,40.6471,-98.3835,590.7,0.5
"HASTINGS, MI US",USC00203661,1892-12-31,2019-12-15,Michigan,42.64208,-85.28819,250.2,8.1
"HATCH, UT US",USC00423776,1915-05-31,2019-11-30,Utah,37.6521,-112.4361,2101,15
"HATTON 9 SE, WA US",USC00453546,1905-01-31,2019-01-30,Washington,46.7225,-118.6524,458.7,0.8
"HAVANA, IL US",USC00113940,1917-02-28,2019-12-15,Illinois,40.303,-90.0647,141.1,4
"HAVERHILL, IA US",USC00133712,1971-11-30,1994-12-30,Iowa,41.95,-92.95,313.9,4
"HAVERHILL, MA US",USC00193505,1899-10-31,2019-09-29,Massachusetts,42.7594,-71.0602,6.1,15.3
"HAWARDEN, IA US",USC00133718,1926-07-31,2019-12-05,Iowa,43.003,-96.485,362.7,5.3
"HAWLEY 1 E, PA US",USC00363758,1897-10-31,2017-07-30,Pennsylvania,41.4764,-75.1652,271.3,2.5
"HAY SPRINGS 12 S, NE US",USC00253715,1951-07-31,2018-02-21,Nebraska,42.5119,-102.6944,1159.8,6
"HAY SPRINGS, NE US",USC00253710,1892-12-31,2012-07-30,Nebraska,42.6828,-102.6928,1175,3.5
"HAYDEN, CO US",USC00053867,1909-01-14,2019-12-14,Colorado,40.4926,-107.2548,1971.1,3
"HAYWARD RANGER STATION, WI US",USC00473511,1893-02-28,2019-09-29,Wisconsin,46.0002,-91.5074,365.8,2.4
"HAZELTON 4 NW, ND US",USC00324083,1948-07-31,2019-10-30,North Dakota,46.5203,-100.3478,604.1,3.5
"HEART BUTTE DAM, ND US",USC00324091,1984-08-31,2019-12-15,North Dakota,46.5916,-101.8074,650.4,3.5
"HEATH, MA US",USC00193549,1926-02-28,2002-11-29,Massachusetts,42.66667,-72.81667,484.6,10
"HEBER, UT US",USC00423809,1893-01-13,2013-05-28,Utah,40.4916,-111.4261,1703.8,4
"HEBGEN DAM, MT US",USC00244038,1904-05-31,2019-08-22,Montana,44.8666,-111.3391,1977.8,6
"HEBRON 4 S, IN US",USC00123868,1991-11-30,2001-12-30,Indiana,41.26,-87.19972,197.2,2
"HEBRON, ND US",USC00324102,1963-09-30,2019-10-30,North Dakota,46.9075,-102.0382,658.4,6
"HEMINGFORD, NE US",USC00253755,1963-12-31,2018-10-30,Nebraska,42.3208,-103.0733,1301.5,5
"HEPPNER, OR US",USC00353827,1893-03-31,2019-12-15,Oregon,45.3653,-119.5639,574.5,2
"HERMAN, MI US",USC00203744,1968-03-31,2019-12-15,Michigan,46.6653,-88.3772,523.3,3
"HERMISTON 1 SE, OR US",USC00353847,1906-06-30,1998-01-30,Oregon,45.82889,-119.26361,195.1,1.8
"HERMIT 8 SE, CO US",USC00053951,1919-12-31,2019-12-14,Colorado,37.74933,-107.095,2727.7,6
"HERMOSA 3 SSW, SD US",USC00393775,1905-12-31,2012-12-30,South Dakota,43.8069,-103.213,1043.9,1.5
"HERON 2 NW, MT US",USC00244084,1912-02-10,2019-12-14,Montana,48.08,-116.0014,682.8,1.9
"HESPERIA 4 WNW, MI US",USC00203769,1894-07-31,2014-07-30,Michigan,43.5908,-86.1056,237.7,13.5
"HETCH HETCHY, CA US",USC00043939,1910-09-30,2019-09-29,California,37.9613,-119.783,1179.6,7
"HICKMAN, NE US",USC00253825,1894-10-31,2008-10-30,Nebraska,40.6219,-96.6283,396.2,1
"HIGH BRIDGE LOCK 7, KY US",USC00153837,1901-04-12,1996-01-30,Kentucky,37.81667,-84.71667,164.6,0.3
"HIGHMARKET, NY US",USC00303851,1924-05-19,2019-12-15,New York,43.5752,-75.5207,537.4,24.7
"HIGHMORE 1 W, SD US",USC00393832,1892-12-31,2019-10-30,South Dakota,44.5222,-99.455,575.5,3
"HIGHTSTOWN 2 W, NJ US",USC00283951,1892-12-31,2019-12-15,New Jersey,40.26639,-74.56417,30.5,3.6
"HILL CITY, ID US",USC00104268,1915-05-31,2006-02-27,Idaho,43.2994,-115.0733,1554.5,1
"HILL CITY, SD US",USC00393868,1909-03-31,2019-12-15,South Dakota,43.93425,-103.55735,1507.5,2
"HILLAND 2 NW, SD US",USC00393857,1909-03-31,2001-02-24,South Dakota,44.30833,-101.86833,771.1,2
"HILLSBORO 3 N, ND US",USC00324203,1905-10-31,2013-07-30,North Dakota,47.4389,-97.0664,277.4,1.5
"HILLSBORO, WI US",USC00473654,1948-07-31,2010-09-29,Wisconsin,43.6541,-90.3339,286.5,8.5
"HILLSDALE, MI US",USC00203823,1891-08-31,2019-12-09,Michigan,41.9352,-84.6411,329.2,7
"HINCKLEY, MN US",USC00213793,1905-02-28,2011-11-19,Minnesota,45.9919,-92.9927,315.5,3.5
"HINGHAM, MA US",USC00193624,1960-08-31,2019-12-14,Massachusetts,42.2269,-70.9125,10.7,7
"HIRAM, OH US",USC00333780,1893-05-31,2019-10-30,Ohio,41.30722,-81.01333,374.9,11
"HOBART 2 WNW, IN US",USC00124008,1919-06-30,2000-06-29,Indiana,41.54222,-87.28806,195.1,3.5
"HOGSETT R.C. BYRD DAM, WV US",USC00464200,1915-08-31,2019-10-30,West Virginia,38.68416,-82.18384,173.7,0.8
"HOLDEN VILLAGE, WA US",USC00453730,1962-05-31,2019-12-15,Washington,48.1989,-120.7735,980.8,4
"HOLLAND, MI US",USC00203858,1905-05-31,2019-12-15,Michigan,42.7988,-86.205,188.1,14
"HOLLISTERVILLE, PA US",USC00364008,1927-12-31,2001-05-30,Pennsylvania,41.38333,-75.43333,417.6,6.6
"HOLSTEIN, IA US",USC00133909,1951-04-30,2019-12-15,Iowa,42.4897,-95.5488,417.6,12.5
"HOLTER DAM, MT US",USC00244241,1903-02-28,2019-12-14,Montana,46.9907,-112.0116,1062.8,0.5
"HOMER 3 NE, NE US",USC00253950,1946-02-28,2008-08-30,Nebraska,42.3366,-96.4319,329.8,14
"HONEOYE, NY US",USC00303955,1992-06-30,2019-12-15,New York,42.79148,-77.51331,243.8,2.3
"HONESDALE 4 NW, PA US",USC00364043,1943-12-31,1996-12-30,Pennsylvania,41.61667,-75.31667,429.8,6
"HONEY BROOK 2 SSE, PA US",USC00364047,1957-07-31,2014-10-15,Pennsylvania,40.0881,-75.908,202.7,4
"HONEYMAN STATE PARK, OR US",USC00353995,1971-05-19,2019-10-30,Oregon,43.928,-124.1069,35.1,0.5
"HOOD RIVER EXPERIMENT STATION, OR US",USC00354003,1892-12-31,2019-10-30,Oregon,45.6847,-121.5175,152.4,3.4
"HOOKER 12 NNW, NY US",USC00303961,1911-04-30,2019-11-24,New York,43.8524,-75.7158,450.5,40
"HOOPESTON, IL US",USC00114198,1902-05-31,2019-12-13,Illinois,40.4664,-87.6851,216.4,2
"HOPE, NY US",USC00303970,1931-05-31,1998-12-30,New York,43.31167,-74.24778,268.2,14.8
"HOPEWELL MORGANTOWN, PA US",USC00364076,1978-12-31,2002-07-30,Pennsylvania,40.15917,-75.88556,167.6,2.3
"HORICON, WI US",USC00473756,1970-10-31,2019-12-15,Wisconsin,43.4406,-88.6325,268.2,4.8
"HORNELL ALMOND DAM, NY US",USC00303983,1950-02-09,2019-12-15,New York,42.3488,-77.7044,403.9,5.5
"HOT SPRINGS, SD US",USC00394007,1894-01-31,2019-12-14,South Dakota,43.4377,-103.4738,1085.1,1
"HOUGHTON LAKE 6 WSW, MI US",USC00203932,1912-12-02,2019-10-30,Michigan,44.3119,-84.8922,345.9,16.5
"HOULTON 5 N, ME US",USC00173944,1985-05-31,2015-05-01,Maine,46.2061,-67.8418,118.9,6.9
"HOURGLASS RESERVOIR, CO US",USC00054135,1988-08-31,2019-09-29,Colorado,40.583,-105.632,2901.7,5
"HOWARD PRAIRIE DAM, OR US",USC00354060,1960-09-20,2019-12-15,Oregon,42.2292,-122.3814,1392,6.2
"HOWARD, SD US",USC00394037,1892-12-31,2019-12-14,South Dakota,44.01214,-97.53153,478.5,4
"HOWELL WWTP, MI US",USC00203947,1891-08-31,2014-10-30,Michigan,42.59382,-83.93251,279.5,5.6
"HOWELLS, NE US",USC00254035,1934-09-30,2017-12-30,Nebraska,41.7175,-97.003,463.3,3.1
"HOYTVILLE 2 NE, OH US",USC00333874,1952-05-31,2012-05-30,Ohio,41.21667,-83.76667,213.4,3.5
"HUBBARD, IA US",USC00133960,1978-04-30,2017-12-27,Iowa,42.30363,-93.28961,337.7,9
"HUDSON 3 E, MI US",USC00203969,1973-10-31,2011-11-29,Michigan,41.8483,-84.2938,266.7,3.7
"HUDSON CORRECTIONAL FACILITY, NY US",USC00304025,1957-03-02,2017-01-30,New York,42.24746,-73.79219,9.1,7
"HUMBOLDT 3 W, IA US",USC00133985,1893-04-30,1997-06-29,Iowa,42.71806,-94.26889,338.3,10
"HUMPTULIPS SALMON HATCHERY, WA US",USC00453826,1987-06-30,2019-12-15,Washington,47.2336,-123.9897,42.7,0.3
"HUNDRED 1 N, WV US",USC00464372,1982-01-15,1995-12-30,West Virginia,39.7,-80.45,320,0.7
"HUNTINGTON CENTER, VT US",USC00434052,1955-10-31,1995-03-29,Vermont,44.31667,-73,222.5,9
"HUNTINGTON, IN US",USC00124181,1948-06-30,2019-12-15,Indiana,40.8555,-85.498,221,3
"HUNTSVILLE MONASTERY, UT US",USC00424135,1976-10-31,2013-10-30,Utah,41.2402,-111.713,1566.7,0.5
"HURLEY, WI US",USC00473800,1987-05-31,2019-12-15,Wisconsin,46.4625,-90.1955,440.1,7
"HUTCHINSON 1 N, MN US",USC00213962,1893-08-31,2009-10-30,Minnesota,44.909,-94.3674,333.8,3
"HYANNIS, NE US",USC00254100,1927-09-21,1996-10-30,Nebraska,42,-101.75,1149.1,2.8
"HYNDMAN, PA US",USC00364190,1905-12-31,1993-12-30,Pennsylvania,39.81667,-78.73333,292.6,2.8
"HYSHAM 25 SSE, MT US",USC00244364,1951-12-16,2019-12-15,Montana,45.9352,-107.1375,944.9,6
"HYSHAM, MT US",USC00244358,1945-10-31,2019-12-09,Montana,46.28973,-107.23052,813.5,8
